,新聞來源,新聞標題,關鍵字1,關鍵字2,關鍵字3
,自由財經,特斯拉董事出脫股票大賺近1.5億 隨後股價3連跌,特斯拉,特斯拉股價,
,Anue鉅亨,星展：美股大跌是健康的修正 建議維持科技股投資,星展,美股大跌,
,經濟日報,【外媒綜合】那斯達克崩跌短暫回調還是另一波修正的開始？ | 外媒解析| 會員專區,那斯達克,,
,自由財經,美股大跌投資人恐變心 專家：可能再跌10％,美股大跌,美股,
,Anue鉅亨,〈美股盤後〉VIX衝高！科技股引爆股災 道瓊暴跌逾 800 點,VIX,科技股,道瓊
,三立新聞網,台積電跌2.06% 台股重挫近200點 回檔壓力恐飆高,台積電,台股,
,Yahoo奇摩股市,美股慘跌VIX指數飆升 分析師：不代表市場將崩盤,美股大跌,VIX,
,Anue鉅亨,美股暴跌拖累 台股早盤一度重挫逾200點 富邦VIX飆漲8%,美股,台股,VIX
,工商時報,賭盤爆危機？11/3大選當天美股恐大地震,賭盤,美股,大選
,Yahoo奇摩新聞,道瓊暴跌800點！恐慌指數VIX飆漲 科技股引爆股災,道瓊,VIX,科技股
,自由財經,台股盤前》美股重挫大跌 短線勢必受拖累,美股,短線,
,自由財經,童子賢：台企實力勝任何FTA 供應鏈不分顏色,童子賢,FTA,供應鏈
,鉅亨網,紅色供應鏈崛起 童子賢：產業趨勢大於顏色,紅色供應鏈,童子賢,產業趨勢
,中央社即時新聞,紅色供應鏈崛起 童子賢：產業趨勢大過顏色選擇,紅色供應鏈,童子賢,產業趨勢
,ETtoday 新聞雲,台灣經貿實力漸強！童子賢：韓國簽FTA看似有優勢「但也沒好多少」,童子賢,FTA,韓國
,經濟日報,談紅色供應鏈 童子賢：產業趨勢大過顏色選擇,童子賢,產業趨勢,顏色
,中時新聞網 Chinatimes.com,採用三星8奈米嚇壞市場 繪圖晶片大廠棄台積電有玄機,三星,台積電,8奈米
,商業周刊,美國金融研究公司：台積電是全世界最重要的企業！3個理由，股價一點都不貴,台積電,美國金融,股價
,Yahoo奇摩,北漂族真的回流了！南科快速崛起 掀史上最大工程師移民潮,南科,北漂族,工程師
,電子工程專輯,Ansys多物理場方案通過台積電3奈米製程認證,Ansys,台積電,3奈米
,TechOrange 科技報橘,【台灣的南科將成為世界的南科】台積電南下部署帶動國際大廠投資，預估兩年產值直逼竹科！ | TechOrange,南科,台積電,投資
,Anue鉅亨,信邦8月營收連5個月創新高 前8月營收同寫新猷,信邦,營收,創新
,經濟日報,信邦連五月締新猷,信邦,5月,
,工商時報,去美化助攻宏捷科8月營收靚,去美化,宏捷科,8月
,Anue鉅亨,聚陽8月營收跳增至31億元 寫11個月來最佳,聚陽,8月,營收
,經濟日報,聚陽8月營收勁揚28%,聚陽,8月,
,Anue鉅亨,〈貴金屬盤後〉美股崩跌 市場趕忙變現 黃金挫至一週低點,美股,黃金,市場
,Yahoo奇摩股市,《研究報告》新興市場債明顯彈升 後市可期,新興市場,債,
,經濟日報,目標到期基金 變動市場優質選項,基金,變動市場,目標到期
,工商時報,新興市場債明顯彈升後市可期,新興市場,債,
,Anue鉅亨,豪展8月營收3.16億元 年增逾2倍 連3個月寫新高,豪展,8月,營收
,經濟日報,新興債中長線買點到,新興債,中長線,
,工商時報,外資瘋狂掃貨11萬張買的竟然不是台積電,外資,台積電,掃貨
,經濟日報,外資買超百億元 最愛從台積電轉為這檔,外資,台積電,買超
,Anue鉅亨,台股挫逾百點失守月線 外資大提款 三大法人賣超237.5億元,台股,百點,三大法人
,Yahoo奇摩股市,台股虎頭蛇尾 外資態度左右後市多空 分析師：強勢表態得看這3檔,台股,外斯,分析師
,經濟日報,三大法人賣超台股237.54億元,三大法人,超賣,234.54
,鏡週刊,【零股投資術2】買零股經常槓龜？ 這樣出價就對了,買零股,出價,
,Yahoo奇摩股市,【零股投資術5】圖解：盤中零股交易上路 3分鐘搞懂新制,盤中,零股,新制
,EBC東森財經新聞,買零股經常槓龜？ 這樣出價就對了,零股,出價,
,鏡週刊,【零股投資術1】小資族福音！不用再等2點半撮合 盤中零股交易將上路,小資,零股,盤中
,ETtoday 新聞雲,小資族買「零股」！他月投資1萬買進3檔...3招讓錢滾大,零股,投資,
,中央社即時新聞,口罩國家隊自清：從未旁門左道做口罩 也未遲交,口罩國家隊,口罩,自清
,udn OOPS! 新鮮事,網怨戴心酸？家裡口罩庫存好多「加利」 陸製字體差異曝光,口罩國家隊,庫存,加利
,中時新聞網 Chinatimes.com,加利老闆以國家隊為恥 嗆「快把我踢出」 律師驚：自掘墳墓啊,加利老闆,國家隊,律師
,三立新聞網,加利老闆暴怒：被欺騙簽空白合約 遭官員威脅「吊銷藥證」,加利老闆,欺騙,吊銷藥證
,udn OOPS! 新鮮事,加利指工業防護率99％比醫95％好 藥師：別被百分比騙,加利,工業防護率,
,udn OOPS! 新鮮事,加利老闆稱被政府騙簽約 秀白紙黑字合約打臉,加利老闆,經濟部,簽約
,自由財經,加利「簽白紙」胡說八道經部秀合約：內容簽名都很清楚,加利,簽白紙,經部
,中央社即時新聞,加利口罩進口中國製品混入實名制 王美花重批老鼠屎,加利口罩,王美花,實名制
,UDN 聯合新聞網,加利混用陸製冒實名制口罩 王美花斥：害群之馬、還怪東怪西,加利口罩,王美花,實名制
,中時新聞網 Chinatimes.com,以國家隊為恥？ 經濟部拿數據回擊加利老闆：產能沒有不足,產能,經濟部,數據
,三立新聞網,加利口罩國家隊…竟混賣大陸製！侯友宜悍回：全國都要清查,加利口罩,侯友宜,口罩國家隊
,udn OOPS! 新鮮事,八里口罩國家隊混大陸製 業者喊：趕快把我踢出國家隊,八里,國家隊,業者
,中時新聞網 Chinatimes.com,實名制口罩出現大陸制 侯友宜：廠商有委屈也不該如此,侯友宜,實名制,口罩
,東森新聞 CH51,最新》新北工廠混大陸口罩侯友宜：矇騙市民、非常痛心,新北,侯友宜,國家隊
,台灣蘋果日報,【黑心口罩】國家隊混賣中國貨侯友宜痛心：全面深入清查,國家隊,侯友宜,中國貨
,新頭殼,加利3月已有口罩進口？陳時中：當時是海關查獲未入境就整批銷毀| 社會,加利,口罩,陳時中
,民視新聞網 Formosa TV News network,快新聞／混中國製口罩陳時中怒批加利負責人－民視新聞,中國製,陳時中,口罩
,udn OOPS! 新鮮事,加利讚自家口罩好「以國家隊為恥」 陳時中：違法別講五四三,加利,口罩,陳時中
,中華電視公司,加利口罩混入中國貨陳時中重砲轟| 華視新聞20200904,加利口罩,中國貨,陳時中
,自由時報電子報,犯法在先又「說五四三」 陳時中訓斥加利：一個舉動毀了大家的努力,犯法,加利,陳時中
,自由時報電子報,王金平將率團參加海峽論壇- 政治,王金平,海峽論壇,
,Yahoo奇摩新聞,陸委會明令 禁在台辦海峽論壇活動,陸委會,海峽論壇,
,新頭殼,王金平可去海峽論壇？ 吳敦義：蔡英文沒資格阻撓| 政治,王金平,吳敦義,蔡英文
,UDN 聯合新聞網,大陸將舉辦海峽論壇 陸委會提三項禁止,大陸,陸委會,海峽論壇
,NOWnews,北京將舉辦海峽論壇陸委會：不鼓勵我方人士參與,北京,海峽論壇,陸委會
,自由時報電子報,加利稱有國家隊廠商不願被徵用口罩 陳其邁對放話不以為然,加利,陳其邁,國家隊
,ETtoday 新聞雲,加利老闆喊「快把我踢出國家隊」 陳其邁：我對他非常不以為然,高雄,陳其邁,口罩
,UDN 聯合新聞網,傳高雄口罩國家隊未按徵用量上繳！陳其邁要查清楚,口罩,國家隊,徵用
,自由時報電子報,醫院及公共運輸工具不戴口罩 高雄市要罰了,口罩,不戴口罩,高雄市
,中時新聞網 Chinatimes.com,漏網之魚？高雄記者買到陸製口罩 市府將全面追查,高雄,陸製口罩,市府
,台灣蘋果日報,【黑心口罩】4點拆穿加利謊言！ 王定宇：賺不義之財還滿口仁義道德,王定宇,加利,謊言
,UDN 聯合新聞網,加利高喊一切都為了員工 王定宇：額外分裝反而更累,加利,律師,國家隊
,三立新聞網,加利叫囂「快把我踢出國家隊」 律師斷言下場：自掘墳墓,加利,中國口罩,王定宇
,自由時報電子報,加利混充中國口罩 王定宇：業者賺不義之財 有媒體還幫忙洗白,加利,王定宇,中國口罩
,ETtoday 新聞雲,列4關鍵打臉加利謊言！ 王定宇痛批：做盡壞事，還滿口仁義道德,加利,謊言,王定宇
,中天電視,加利老闆：以國家隊為恥國家隊口罩血汗沒人想做？【中天焦點新聞】｜2020.09.04,加利,國家隊,口罩
,UDN 聯合新聞網,加利科技鐵門半開接受退貨 工廠外有大陸紙箱,加利,大陸,紙箱
,台灣蘋果日報,【黑心口罩】蔡英文：絕不容許中國製冒充MIT 查辦到底確保防疫無破口,中國製,蔡英文,防疫
,新頭殼,外媒搶報台灣新版護照非官方設計圖意外吸睛| 政治,外媒,新版護照,台灣
,Yahoo奇摩新聞,新版護照凸顯TAIWAN 近六成民眾：非常滿意,新版護照,民眾,台灣
,自由時報電子報,時力肯定新版護照展顯台灣意象 高鈺婷：設計應多與民間交流,時力,高鈺婷,設計
,鏡週刊,邱顯智籲國民黨換黨徽 點名3人「用行動說話」,邱顯智,國民黨,黨徽
,ETtoday 新聞雲,時代力量肯定新版護照 高鈺婷：凸顯台灣主權意向,時代力量,新版護照,高鈺婷
,UDN 聯合新聞網,加利稱陸製口罩品質勝MIT 指揮中心回應了,指揮中心,口罩,加利
,中華電視公司,中製口罩混實名制民眾一早搶換貨| 華視新聞20200904,中製,口罩,換貨
,中央社即時新聞,加利口罩中國製混入實名制 換貨民眾批打壞台灣信用,加利,中國製,民眾
,udn OOPS! 新鮮事,網怨戴心酸？家裡口罩庫存好多「加利」 陸製字體差異曝光,口罩,加利,陸製
,中天新聞CH52,20200904中天新聞加利累犯、三月查到未公布衛福部質疑刻意隱瞞？,累犯,加利,衛福部
,新頭殼,批中國承諾幾乎沒實現賀吉普：中國對捷克投資效益被高估| 政治,捷克,中國,賀吉普
,三立新聞網,不只是台灣人！布拉格市長自曝「驚人身分」：我是台北市民,台灣人,布拉格市長,台北市民
,NOWnews,【直播／柯文哲與捷克最帥市長賀瑞普記者會】,賀吉普,柯文哲,記者會
,新頭殼,參議長「我是台灣人」 賀吉普：我是台北市民而且是事實！ | 政治,參議長,賀吉普,台北市民
,三立新聞網,中國取消巡演布拉格愛樂樂團總監：不為政治服務| 國際,中國,布拉格,政治服務
,自由時報電子報,又新增一例境外移入！指揮中心下午2點緊急記者會說明,境外移入,指揮中心,記者會
,udn OOPS! 新鮮事,女台商赴日工作不適 就醫症狀改善仍帶新冠肺炎返國,台商,赴日,新冠肺炎
,三立新聞網,快訊／台灣新增1例確診 指揮中心下午一併說明口罩風波,指揮中心,口罩風波,確診
,台灣蘋果日報,【武肺疫報】40多歲女赴日工作返台無症狀確診匡列11人,無症狀,赴日,11人
,自由時報電子報,40多歲女赴日工作返台無症狀確診 同班機接觸者共11人,赴日,無症狀,確診
,自由時報電子報,安倍接班人 日媒民調：菅義偉呼聲最高,安倍,日媒,菅義偉
,Yahoo奇摩新聞,安倍下台，台日情感派的終結,安倍,台日,
,UDN 聯合新聞網,【日相改選】菅義偉將上位？一次看懂安倍接班人的三大人選,安倍接班人,,
,TVBS NEWS,【十點不一樣】令和大叔的突襲! 菅義偉宣布參選自民黨黨魁,菅義偉,,
,Yahoo奇摩新聞,【Yahoo論壇／蔡增家】派系主導下的安倍接班人,日本派系,安倍接班人,
,Yahoo奇摩新聞,陸委會明令 禁在台辦海峽論壇活動,陸委會,海峽論壇,
,新頭殼,王金平可去海峽論壇？ 吳敦義：蔡英文沒資格阻撓| 政治,吳敦義,王金平,海峽論壇
,UDN 聯合新聞網,王金平代表國民黨參加海峽論壇？ 江啟臣：還在討論中,江啟臣,,
,NOWnews,北京將舉辦海峽論壇陸委會：不鼓勵我方人士參與,陸委會,北京海峽論壇,
,新頭殼,傳王金平率團參加海峽論壇國民黨出面說明| 政治,,,
,中央社即時新聞,歐銻銻放棄代理愛奇藝 范立達：會對消費者負責,歐銻銻,放棄代理,愛奇藝
,UDN 聯合新聞網,台灣禁愛奇藝！用戶問：難道看陸劇就會被洗腦？,台灣,禁愛奇藝,洗腦
,民視新聞網 Formosa TV News network,愛奇藝掰了! 台灣代理商:今起停止代理去問NCC－民視新聞,,,
,中央社即時新聞,OTT草案吵什麼？8大關鍵問答一次看,OTT草案,,
,udn OOPS! 新鮮事,封殺愛奇藝條款生效 歐銻銻宣布停止代理並裁員,封殺愛奇藝,停止代理,裁員
,XFastest News,創始版RTX 3060 曝光：16公分單風扇短小精悍,創始版,RTX 3060,16公分
,三立新聞網SETN,獨／低頭族踩空腳卡月台乘客全下車狂推車廂｜三立新聞台,低頭族,月台,乘客
,T客邦,更新Windows 10 後竟會降低SSD 使用壽命！微軟表示：想辦法修復中,Windows 10,SSD,微軟
,XFastest News,Windows 10將採用新API：大幅提升遊戲性能縮短遊戲加載時間,Windows 10,API,遊戲
,自由時報電子報,台鐵新購EMU900型電聯車十月底入港 普悠瑪先試運送軌道,台鐵,普悠瑪,電聯車
,三立新聞網 Setn.com,甩親中黨內互槓！論述需中國同意？江啟臣怒飆中常委：閉嘴,中常委,江啟臣,論述
,中華電視公司,藍數位黨部上線民眾黨影片拉近距離| 華視新聞20200903,數位黨部,影片,民眾黨
,新頭殼,為兩岸論述跟中常委拍桌江啟臣：國民黨有該堅持的立場| 政治,兩岸論述,江啟臣,中常委
,三立新聞網SETN,「論述需中國同意」 江啟臣怒飆中常委嗆閉嘴！｜三立新聞台,論述,江啟臣,中常委
,自由評論網,自由開講》國民黨嘴巴在硬什麼？重演地方包圍中央的戲碼？ - 自由評論網,國民黨,地方,中央
,民視新聞網 Formosa TV News network,邰智源挑戰1日府憲兵總統:今天憲兵胖一點－民視新聞,邰智源,憲兵,總統
,udn 噓！星聞,「最美女憲兵」現身總統府！合體蔡英文鄉民暴動,邰智源,變瘦,憲兵
,TVBS NEWS,當憲兵被說胖總統再見邰智源:你變瘦了!, 邰智源,憲兵,總統
,三立新聞網,最美女憲兵曝光！渾圓上圍撐繃制服 照片曝光引2萬人朝聖,女憲兵,照片,朝聖
,新頭殼,邰智源「一日總統府憲兵」 蔡英文驚：今日憲兵胖一點| 政治, 邰智源,憲兵,總統
,電腦王阿達,Google 與DeepMind 合作，改良Google 地圖交通流量預測,Google,DeepMind,地圖
,Yahoo奇摩新聞,Google解密怎麼使用 AI 預測車流量、決定最佳路線！,Google,AI,車流量
,ETtoday 新聞雲,Google地圖也可一鍵訂餐 「Google預訂」在台推出,Google,Google預訂,地圖
,TVBS新聞,Google推新功能！ 地圖可一鍵「訂位、買門票」│TVBS新聞網,Google,地圖,訂位
,立場新聞,在Google 地圖街景裡尋找2019 抗爭足跡| 互動專頁| 立場新聞,Google,地圖,抗爭
,udn OOPS! 新鮮事,加利老闆稱被政府騙簽約 經濟部秀白紙黑字合約打臉,加利,簽約,經濟部
,udn OOPS! 新鮮事,網怨戴心酸？家裡口罩庫存好多「加利」 陸製字體差異曝光,口罩,加利,陸製
,新頭殼,加利月月買足半價原物料網轟：每月還倒賺3萬片| 社會,加利,原物料,半價
,udn OOPS! 新鮮事,八里口罩國家隊混大陸製 業者喊：趕快把我踢出國家隊,八里,口罩,國家隊
,中時新聞網 Chinatimes.com,傳台灣飛彈擊落共軍蘇愷35戰機墜毀？空軍駁斥,台灣,飛彈,共軍
,台灣蘋果日報,網傳台灣擊落解放軍蘇愷35墜機我國防部鄭重否認,台灣,擊落,共軍
,三立新聞網,傳台灣擊落一架中共SU-35飛機？空軍：鄭重駁斥假訊息,空軍,台灣,SU-35
,ETtoday 新聞雲,快訊／網傳台灣擊落共機蘇愷35 空軍司令部：子虛烏有,空軍司令,蘇愷35,台灣
,Yahoo奇摩新聞,網傳台灣擊落SU-35？ 國防部駁斥：子虛烏有的假訊息,SU-35,國防部,台灣
,中央社即時新聞,加利進口中國製口罩偽MIT 海關3月攔截近7萬片,加利,MIT,海關
,udn OOPS! 新鮮事,網怨戴心酸？家裡口罩庫存好多「加利」 陸製字體差異曝光,加利,陸製,口罩
,三立新聞網,身分曝光！加利吹哨者是新北女藥師 她2個月前就已聽說,加利,吹哨者,女藥師
,中央社即時新聞,加利口罩中國製混入實名制 換貨民眾批打壞台灣信用,加利,口罩,中國製
,udn OOPS! 新鮮事,獨／加利吹哨者熱血女藥師曝「2個月前就聽說」 直呼「賊星該敗」,加利,吹哨者,女藥師
,新頭殼,「一日憲兵」邰智源出社會了蔡英文笑：他變瘦了| 政治,邰智源,蔡英文,憲兵
,民視新聞網 Formosa TV News network,邰智源挑戰1日府憲兵總統:今天憲兵胖一點－民視新聞,邰智源,憲兵,總統
,udn 噓！星聞,「最美女憲兵」現身總統府！合體蔡英文鄉民暴動,憲兵,總統府,蔡英文
,三立新聞網,最美女憲兵曝光！渾圓上圍撐繃制服 照片曝光引2萬人朝聖,女憲兵,照片,制服
,TVBS NEWS,當憲兵被說胖總統再見邰智源:你變瘦了!,憲兵,總統,邰智源
,自由時報電子報,又新增一例境外移入！指揮中心下午2點緊急記者會說明,指揮中心,記者會,境外移入
,udn OOPS! 新鮮事,女台商赴日工作不適 就醫症狀改善仍帶新冠肺炎返國,赴日,就醫,新冠肺炎
,民視新聞網 Formosa TV News network,快新聞／新增1境外移入40多歲女日本返國確診－民視新聞,40歲,日本,確診
,自由時報電子報,40多歲女赴日工作返台無症狀確診 同班機接觸者共11人,無症狀,確診,接觸者
,新頭殼,武漢肺炎》新增1名境外移入！指揮中心下午2時說明| 社會,境外移入,指揮中心,
,三立新聞網 Setn.com,日媒提問「台灣總統」！中國秒崩潰：台灣地區的一個領導人,台灣總統,中國,日媒
,自由時報電子報,日媒提問「台灣總統蔡英文」 華春瑩一聽秒崩潰,華春瑩,台灣總統蔡英文,日媒
,Yahoo奇摩,日媒提問稱蔡英文總統 華春瑩：她是中國台灣地區的一個領導人而已,華春瑩,蔡英文,日媒
,新頭殼,華春瑩稱蔡英文非總統只是地區領導人網憂:華媽狂犬病又犯了| 政治,華春瑩,蔡英文,領導人
,自由時報電子報,轟美國禁抖音是「搶劫！」 華春瑩跳腳反遭網酸爆「雙重標準」,華春瑩,抖音,美國
,自由時報電子報,加利稱有國家隊廠商不願被徵用口罩 陳其邁對放話不以為然,加利,陳其邁,國家隊
,民視新聞網 Formosa TV News network,0904高雄市長陳其邁頒獎高雄三民二分局失蹤少女案破案｜民視快新聞｜,陳其邁,高雄,失蹤
,中央社即時新聞,口罩實名制傳高雄業者未按徵量繳交 高市：若違規將懲處,高市,口罩,徵量
,中時新聞網 Chinatimes.com,記者疑拿到陸製口罩 高市府澄清：非實名制配送,陸製,口罩,高雄市
,自由時報電子報,醫院及公共運輸工具不戴口罩 高雄市要罰了,高雄市,罰,口罩
,XFastest News,RTX 3080顯示卡為何只配10GB記憶體？NVIDIA：不想漲價,NVIDIA,顯示卡,記憶體
,經濟日報,輝達新顯卡「加量不加價」 微星股價奔漲停,輝達,顯卡,微星
,UNWIRE.HK,【懶人包】NVIDIA RTX 30系列懶人包最強卡王+ 新畫面技術,NVIDIA,RTX 30,
,三立新聞網 Setn.com,真香！NVIDIA發表「3款」新GPU…懶人包統整給你,NVIDIA,GPU,
,經濟日報,外資喊買微星 目標價上看180元,外資,微星,目標價
,UNWIRE.HK,ROG GeForce RTX 30系顯示卡登場 新款電競熒幕 + 鍵盤 + 滑鼠發佈,NVIDIA,奈米,顯卡
,科技新報 TechNews,全用三星8 奈米，Nvidia RTX 30 系列顯卡隱憂在這,三星,奈米,NVIDIA
,三立新聞網 Setn.com,獨／超有愛！低頭族踩空腳卡捷運月台 乘客全下車狂推車廂,低頭族,月台,乘客
,ePrice,沒Google 地圖怎麼辦？華為找它做替代品,地圖,華為,Google
,UDN 聯合新聞網,陳菊：被害者正義很重要 但死刑犯生命也只有一次,陳菊,死刑犯,正義
,民視新聞網 Formosa TV News network,生命只有一次! 陳菊邀看《我的兒子是死刑犯》－民視新聞,陳菊,我的兒子是死刑犯,生命
,自由時報電子報,陳菊：生命只有一次 等待死亡是煎熬的過程,陳菊,死亡,過程
,三立新聞網 Setn.com,觀賞《我的兒子是死刑犯》紀錄片…陳菊：人權之路漫長艱辛,紀錄片,陳菊,人權
,自由時報電子報,國民黨：蔡政府連口罩都管不好能管好瘦肉精美豬？ - 政治,國民黨,蔡政府,瘦肉精
,UDN 聯合新聞網,【重磅快評】陳時中的五四三與蔡政府應盡的把關責任,陳時中,蔡政府,把關
,華視新聞,國民黨：口罩都管不好蔡政府能管好瘦肉精美豬？ - 華視新聞網,國民黨,口罩,美豬
,自由時報電子報,蔡政府將開放美豬美牛 洪秀柱：形同「四不一沒有」,蔡政府,洪秀柱,美豬
,上報,陳嘉宏專欄：蔡英文給了送分題國民黨還倒扣--上報,蔡英文,國民黨,
,自由時報電子報,九三軍人節 金門古寧頭戰場驚見5枚未爆彈殘體,軍人節,金門,古寧頭
,ETtoday 新聞雲,金門古寧頭岸際驚見5枚未爆彈！急拉封鎖線 殘體鏽蝕軍方處置中,金門,未爆彈,古寧頭
,udn 聯合新聞網,古寧頭岸際1次發現5枚未爆彈 金門岸巡趕往處理,古寧頭,金門,未爆彈
,udn 聯合新聞網,古寧頭岸際驚見未爆彈 殘體鏽蝕軍方銷毀,古寧頭,古寧頭,軍方
,自由時報電子報,賴清德答謝捷克參議長晚宴希望未來能持續強化兩國的合作與交流(總統府提供),賴清德,參議長,捷克
,新頭殼,邀捷克再訪台賴清德：捷克是正義有勇氣的國際友人| 政治,捷克,賴清德,國際
,三立新聞網,黑心口罩騙台灣！賴清德怒批加利「見利忘義」：絕不可寬貸,賴清德,加利,口罩
,自由時報電子報,賴清德答謝捷克參議長晚宴 AIT處長出席,賴清德,參議長,AIT
,中央社即時新聞,捷克團設宴答謝 賴清德盼齊為國際民主努力,捷克,賴清德,
,Yahoo奇摩,貝魯特大爆炸一個月後 搜救犬嗅到生命跡象「每分鐘呼吸19次」,貝魯特,生命跡象,
,新唐人電視臺,【9/4 直播】黎巴嫩大爆炸1個月廢墟中現生命跡象,黎巴嫩,生命跡象,
,UDN 聯合新聞網,「還有生還者」 貝魯特爆炸1個月 廢墟中疑測得兒童生命跡象,貝魯特,廢墟,生命跡象
,Yahoo奇摩新聞,貝魯特大爆炸一個月後 傳廢墟中發現生命跡象,貝魯特,廢墟,生命跡象
,台視新聞 TTV NEWS,偵測有生命跡象黎巴嫩爆炸滿月再度搜救,黎巴嫩,,生命跡象
,新頭殼,批中國承諾幾乎沒實現賀吉普：中國對捷克投資效益被高估| 政治,賀吉普,中國,
,自由時報電子報,台美合辦「重組供應鏈」論壇 發表聯合聲明：確保供應鏈不受政治脅迫,台美,重組供應鏈,聲明
,新頭殼,酈英傑：台美經濟商業對話優先關注科技與醫療產品供應鏈| 政治,,酈英傑,經濟商業對話
,香港蘋果日報,【對沖人生】林鄭團隊的核級別攬炒- 錢志健,林鄭,,
,UDN 聯合新聞網,台美日歐鞏固供應鏈聯合聲明 確保供應鏈不受政治脅迫,台美日歐,供應鏈,政治脅迫
,鉅亨網財經新聞,道瓊暴跌800點！分析師：明斯基時刻 恐讓股市回測3月低點,道瓊,明斯基,股市
,Yahoo奇摩,美股道瓊指數大跌807點 科技股走勢淒慘,美股,道瓊,科技股
,經濟日報,美股四大指數暴跌 台股早盤一度重挫近200點,美股,指數,台股
,風傳媒,紅二代反習，「蔡霞們」的困獸之鬥,紅二代,,
,UDN 聯合新聞網,習近平反擊美國 提「5個絕不答應」,習近平,美國,反擊
,Yahoo奇摩,習5個不答應 陸美將打持久戰,陸美,習,
,BBC News 中文,抗日戰爭勝利75週年習近平王岐山等中共高層高調露面－ BBC News 中文,習近平,王岐山,抗日戰爭勝利
,中央社即時新聞,後19大陷內外僵局 習近平藉民族情緒鞏固權威,後19大,習近平,
,udn 轉角國際,又見「諾維喬克」謀殺案！梅克爾證實：「普丁政敵」遭化學武器下毒,梅克爾,諾維喬克,普丁政敵
,TVBS NEWS,FOCUS／普欽政敵遭投毒確認蘇聯神經毒「諾維喬克」,普欽政敵,蘇聯神經毒,諾維喬克
,自由時報電子報,普廷政敵被下毒 神經毒劑同俄諜案,普廷政敵,神經毒劑,
,中華電視公司,又傳「諾維喬克」謀殺案俄國否認| 華視新聞20200903,諾維喬克,,
,UDN 聯合新聞網,俄國反對派領袖中毒 克里姆林宮：指控毫無道理,克里姆林宮,俄國領袖中毒,
,udn OOPS! 新鮮事,女台商赴日工作不適 就醫症狀改善仍帶新冠肺炎返國,女台商新冠肺炎,新冠肺炎,
,自由時報電子報,40多歲女赴日工作返台無症狀確診 同班機接觸者共11人,無症狀確診,,
,台灣蘋果日報,【武肺疫報】40多歲女赴日工作返台無症狀確診匡列11人,無症狀確診,,
,三立新聞網,台灣新增1例確診 指揮中心下午2時一併說明中國口罩風波,台灣確診,中國口罩,
,民視新聞網 Formosa TV News network,快新聞／新增1境外移入40多歲女日本返國確診－民視新聞,境外移入,確診,
,UDN 聯合新聞網,驚險影像曝光！梅莎襲韓河水暴漲 男向客車大喊「別過來」瞬間橋塌,韓國颱風,,
,關鍵時刻,梅莎颱風橫掃朝鮮半島！北韓電視24小時轉播災情南韓上街像玩命！？ 【關鍵時刻】20200903-6劉寶傑李正皓,,,
,自由時報電子報,南北韓連遭雙颱梅莎、海神登陸！ 氣象專家：路徑幾乎重疊,韓國颱風,,
,台灣蘋果日報,梅莎橫掃朝鮮半島南韓2死急撤2000人,梅莎颱風,,
,ETtoday 新聞雲,颱風梅莎掃過北韓 官媒記者罕見「站在水裡」報導災情,梅莎颱風,北韓在水裡,
,udn OOPS! 新鮮事,鼓勵違法？川普籲北卡選民重複投票,川普,川普投票違法,
,台視新聞 TTV NEWS,帶頭違法?川普造勢竟呼籲選民重複投票,川普,川普投票違法,
,Yahoo奇摩新聞,帶頭鼓勵違法？川普質疑通訊投票不公要選民重複投票測試,川普,川普投票違法,
,鉅亨網,川普推文鼓勵投票兩次！遭推特貼警告標籤,川普推特,,
,台視新聞 TTV NEWS,美總統帶頭違法選舉川普竟呼籲投兩次票【重點新聞】-20200904,美國選舉,川普,
,udn OOPS! 新鮮事,世上只有媽媽好！但這樣的媽媽如何是好？,媽媽,,
,中央社即時新聞,美台歐日重組供應鏈論壇 聲明確保安全不受政治脅迫,供應鏈論壇,,
,自由時報電子報,台美合辦「重組供應鏈」論壇 發表聯合聲明：確保供應鏈不受政治脅迫,重組供應鏈,,
,新頭殼,酈英傑：台美經濟商業對話優先關注科技與醫療產品供應鏈| 政治,酈英傑,台美,經濟
,WalkerLand窩客島,北投美拍景點|三層崎公園|情人瀑布|龍鳳谷公園|婚紗外拍聖地|琉磺谷泡腳池步道|北投泡湯花海瀑布美食一日遊 TaipeiWalker．JapanWalker．WalkerLand,,,
,udn 元氣網,隱身都會！北市白石湖浪漫同心池 獨享自然山林風光,白石湖,北市,
,新頭殼,櫻花、鬱金香2月綻放迎春天！台北市3處免費賞花景點走透透| 旅遊,北市,賞花,
,WalkerLand窩客島,雙北一日遊現在就出發！一次給你25個新北人、台北人都不一定知道的「療癒系打卡景點」，看山、看海、看夜景讓你來趟解憂之旅。 TaipeiWalker．JapanWalker．WalkerLand,,,
,UDN 聯合新聞網,在台北追花季！陽明山「10大秘境景點」不藏私 準備攻佔IG版面,台北,陽明山,花季
,自由時報電子報,「硫磺谷泡腳池2.0」新開放！週末順遊北投３大免費溫泉景點,北投,溫泉,硫磺谷
,中時電子報 Chinatimes.com,景點即時影像 北市27日上線,北市,影像,
,UDN 聯合新聞網,台北新景點再添一處！「黎和生態公園」佔地5445坪，原生森林步道、頂點還可遠眺101,黎和生態公園,景點,北市
,udn 元氣網,隱身都會！北市白石湖浪漫同心池 獨享自然山林風光,北市,自然,
,新頭殼,櫻花、鬱金香2月綻放迎春天！台北市3處免費賞花景點走透透| 旅遊,賞花,台北市,
,UDN 聯合新聞網,在台北追花季！陽明山「10大秘境景點」不藏私 準備攻佔IG版面,硫磺谷,北投,
,自由時報電子報,「硫磺谷泡腳池2.0」新開放！週末順遊北投３大免費溫泉景點,北市,,
,中時電子報 Chinatimes.com,景點即時影像 北市27日上線,特斯拉,股價,
,自由財經,特斯拉董事出脫股票大賺近1.5億 隨後股價3連跌,中國,制裁,
,自由財經,中國科大訊飛被美制裁 政府補貼竟比公司淨利高出近一半,Taycan,奧迪,
,三立新聞網,Taycan電動車賣太好 保時捷向奧迪借員工幫忙,Taycan,奧迪,
,Yahoo奇摩汽車,賣到來不及做！保時捷借調數百名奧迪員工，增援生產 Taycan 電動跑車,Taycan,奧迪,
,UNWIRE.HK,Porsche 電動車 Taycan 熱賣 向同系 Audi 借用 400 工人趕工,Porsche,Audi,
,鉅亨網財經新聞,道瓊暴跌800點！分析師：明斯基時刻 恐讓股市回測3月低點,道瓊,明斯基,
,Yahoo奇摩,美股道瓊指數大跌807點 科技股走勢淒慘,道瓊,科技股,
,經濟日報,美股四大指數暴跌 台股早盤一度重挫近200點,美股,台股,
,Yahoo奇摩新聞,李玖哲機場淚別妻 相馬茜竟回這5字,李玖哲,相馬茜,
,自由娛樂,李玖哲簽「離日切結書」拋相馬茜返台後悔哀號「老婆等我」,李玖哲,相馬茜,
,udn 噓！星聞,周董親授育兒撇步！新手奶爸柯有倫公開這一招,育兒,周董,柯有倫
,ETtoday星光雲,李玖哲離日簽切結書「短期內回不去了」 被迫與老婆相馬茜分隔兩地,,,
,中時新聞網 Chinatimes.com,NBA》字母哥被酸只是皮朋 詹皇躺槍爆氣回嗆,,詹皇,
,Yahoo奇摩新聞,NBA》公鹿2連敗 格林建議字母哥撤出禁區,公鹿,2連敗,格林
,pbplus 運動平台,豪洨肯尼Kenny boast S4：第130集熱火正旺火燒公鹿東區第二輪熱火2:0公鹿,Kenny boast,2-0,東區
,運動視界 Sports Vision,意料之外的戰果，淺談熱火為什麼2-0領先公鹿,公鹿,戰果,2-0
,Yahoo奇摩運動,NBA／字母哥被稱為天下第二人 皮朋不爽反擊,ＮＢＡ,皮朋,
,Heho健康,5類「好」脂食物，降膽固醇還能控血糖,脂,膽固醇,脂肪
,臺灣新浪網,你的維生素D夠了嗎？ 醫生沒告訴你的各種細節，本篇都有了-科技新聞,維生素Ｄ,醫生,
,生醫觀點,卡介苗廠牌轉換醫：效果一樣免緊張,卡介苗,效果,
,自由時報電子報,青少年別憂鬱！研究：中年以後心臟病機率增加,青少年,憂鬱,心臟病
,香港01,HPV病毒竟是造成子宮頸癌最大元兇？定期檢查可減發病率,ＨＰＶ,子宮頸癌,定期檢查
,香港01,細So偷食 阿B真身係KOL練美施Macy搜尋量急升網民關注性病HPV,性病,ＨＰＶ,搜尋量
,食力foodNEXT,「美豬」其實早進口現在到底吵什麼？,美豬,進口,
,風傳媒,為何血糖低、頭暈時，吃巧克力和麵包沒有用？醫師的救急建議，人人都該記下來！,醫生,血糖,頭暈
,風傳媒,喝酒都不會臉紅的人，代表肝功能很好？醫生打臉：灌了好幾杯還「面不改色」才要小心！,喝酒,肝功能,醫生
,風傳媒,「好像味精加太多，吃了口好渴…」別再錯怪味精了，其實讓人口乾舌燥的是「它」,味精,口渴,口乾舌燥
,風傳媒,立院三讀通過 愛滋病患將可器捐其他帶原者,立法院,愛滋,三讀
,,故宮還給老K？林俊憲批：不如乾脆點把國民黨還給中國！ | 政治,故宮,國民黨,中國
,,VM219:15 故宮收入歸藍營？ 陳柏惟轟：那我用1元跟你們換4萬,故宮,陳柏惟,國民黨
,,VM219:15 千億黨產被凍怒爆國民黨代表嗆：要跟蔡政府拿回故宮國寶｜三立新聞網SETN.com,國民黨,故宮,
,,VM219:15 國民黨代表喊討故宮門票收入吳佩蓉：不如查黨高層黨產變私產| 政治,國民黨,藍黨,
,,VM219:15 「當年是國民黨帶來的」 藍黨代表陳麗旭喊：向蔡政府要回故宮國寶,國民當,故宮,國寶
,,VM219:15 美連假效應 疫情恐慌再起,疫情,美,連假
,,VM219:15 新冠肺炎疫情更新：印度新增確診數逾9萬 已成全球第二大染疫國,新冠肺炎,印度,
,,VM219:15 不斷更新／台灣再增1例境外移入！全球272萬人確診,台灣,境外移入,
,,VM219:15 印度疫情全球第二慘！英媒指這原因讓再次封鎖變不可能,印度,英媒,
,,VM219:15 香港新增21起確診病例 5例透過普篩發現,香港,普篩,
,,VM219:15 20200906中天新聞藥師忙翻！ 民眾湧藥局退「加利」口罩,藥師,加利,
,,VM219:15 加利嗆「以國家隊為恥」！同業怒回：我們以你為恥| 社會,加利,同業,國家隊
,,VM219:15 快新聞／實名制加利口罩換貨說明出爐！ 不須健保卡填單到11日前可換－民視新聞,口罩,加利,換貨
,,VM219:15 台灣加利科技稱以口罩國家隊為恥 被同業駁斥,加利,同業,
,,VM219:15 20200907中天新聞爆加利口罩退貨潮藥局每盒降30元拋售,口罩,藥局,
,,VM219:15 黃復興內鬥遭「一張爛紙」解職 于北辰︰國民黨完蛋了,黃復興,于北辰,
,,VM219:15 于北辰遭國民黨開除 臧幼俠：開直播無中生有批評黃復興黨部,于北辰,臧幼俠,
,,"VM219:15 遭開除開直播于北辰高喊國民黨""完蛋了""－民視新聞",于北辰,國民黨,
,,VM219:15 于北辰自爆遭黃復興中央黨部開除砲轟軍系大老「有本事直球對決」 | 政治,于北辰,黃復興,軍系
,,VM219:15 于北辰遭國民黨開除 蔡忠誠接任黃國園黨部主委,于北辰,蔡忠誠,黨部
,,VM219:15 柯文哲說窮人會吃美豬王定宇駁斥「加拿大豬更便宜」 | 政治,柯文哲,王定宇,
,,VM219:15 柯文哲「美豬窮人吃」引論戰 趙少康與王定宇對賭,,,
,,VM219:15 窮人才買美豬？ 王定宇揭真實價格 砲轟柯文哲：膝蓋式反應,,,
,,VM219:15 加豬比美豬便宜？趙少康提這事反駁王定宇：不信我跟你打賭,,,
,,VM219:15 瘦肉精美豬大傾銷？ 王定宇10點論證反嗆：趙少康你要賭什麼,,,
,,VM219:15 路線之爭逼微型飛彈突擊艇犧牲？海軍解釋為何12.3億預算大砍剩尾數,,,
,,VM219:15 艦隊無用論再起！海軍巡防艦造艦恐未開工先夭折？,,,
,,VM219:15 飛彈突擊艇造不造？ 海軍：10月向立院報告測試結果,,,
,,VM219:15 20200907中天新聞岸置魚叉飛彈卡位傳微型飛彈突擊艇案恐生變,,,
,,VM219:15 「微型飛彈突擊艇建案」驚爆喊停 海軍抖出真相：純屬臆測,,,
,,VM219:15 AMD Big Navi顯卡曝光：效能看齊NVIDIA RTX 3080、價格便宜非常多,,,
,,VM219:15 惡意軟體在macOS 上橫行無阻，居然還通過蘋果官方安全認證,,,
,,VM219:15 Google Maps怎能判斷交通壅塞程度？官方首度大揭密！,,,
,,VM219:15 風聲鶴唳白牌車不見蹤影高鐵、火車站現攬客運將,,,
,,VM219:15 國民黨抱緊九二共識名嘴：馬英九的勝利國民黨的悲歌| 政治,,,
,,VM219:15 國民黨議員：九二共識 年輕人聽得懂嗎,,,
,,VM219:15 全代會便當被嫌寒酸 江啟臣：國民黨不會打腫臉充胖子,,,
,,VM219:15 陳嘉宏專欄：只剩「宿命」的政黨很可悲--上報,,,
,,VM219:15 連勝文稱年輕人未必都想打仗張博洋：打擊共諜取代打仗| 政治,,,
,,VM219:15 柯文哲說美豬最後窮人吃 侯友宜：我都會吃得到,,,
,,VM219:15 美豬爭議難同調侯友宜：地方自治與母法有扞格疑慮| 社會,,,
,,VM219:15 【現場直播】侯友宜聯訪談美國豬肉｜2020.9.7,,,
,,VM219:15 窮人吃美豬？侯友宜：不管窮人富人喜歡台灣小吃都會吃到,,,
,,VM219:15 影／柯文哲「美豬窮人吃」引熱議 侯友宜：我也吃得到,,,
,,VM219:15 【開放美豬牛】時機敏感避摸頭江啟臣暫緩AIT周四餐會,,,
,,VM219:15 傳江啟臣婉拒AIT邀約 國民黨：與事實不符，不樂見引起誤會,,,
,,VM219:15 美豬開放》藍委時間喬不定 AIT邀約餐敘可能延後,,,
,,VM219:15 駁斥江啟臣「時機敏感」婉拒AIT邀約 國民黨：5立委仍在協調中,,,
,,VM219:15 開放美豬時機敏感 江啟臣拍板暫緩AIT副處長周四邀宴,,,
,,VM219:15 韓國瑜為何跟蔣萬安搶北市？網曝關鍵：「這點」韓贏蔣太多,,,
,,VM219:15 屢遭點名選台北市長？ 陳時中：不知道能不能挺過三支箭,,,
,,VM219:15 選北市長?陳時中:不知能否挺過3支箭| 華視新聞20200907,,,
,,VM219:15 韓國瑜、蔣萬安拚台北市長初選誰會贏？網友選邊站,,,
,,VM219:15 陳時中選台北市長？蘇揆勉：只有一步步爬，沒爬好也是會摔倒| 政治,,,
,,VM219:15 國民黨抱緊九二共識名嘴：馬英九的勝利國民黨的悲歌| 政治,,,
,,VM219:15 國民黨議員：九二共識 年輕人聽得懂嗎,,,
,,VM219:15 全代會便當被嫌寒酸 江啟臣：國民黨不會打腫臉充胖子,,,
,,VM219:15 陳嘉宏專欄：只剩「宿命」的政黨很可悲--上報,,,
,,VM219:15 連勝文稱年輕人未必都想打仗張博洋：打擊共諜取代打仗| 政治,,,
,,VM219:15 20200906中天新聞藥師忙翻！ 民眾湧藥局退「加利」口罩,,,
,,VM219:15 加利嗆「以國家隊為恥」！同業怒回：我們以你為恥| 社會,,,
,,VM219:15 台灣加利科技稱以口罩國家隊為恥 被同業駁斥,,,
,,VM219:15 20200907中天新聞爆加利口罩退貨潮藥局每盒降30元拋售,,,
,,VM219:15 扣押83萬片口罩「包含國家隊」 指揮中心改口待確認,,,
,,VM219:15 柯文哲說美豬最後窮人吃 侯友宜：我都會吃得到,,,
,,VM219:15 美豬爭議難同調侯友宜：地方自治與母法有扞格疑慮| 社會,,,
,,VM219:15 窮人吃美豬？侯友宜：不管窮人富人喜歡台灣小吃都會吃到,,,
,,VM219:15 影／柯文哲「美豬窮人吃」引熱議 侯友宜：我也吃得到,,,
,,VM219:15 【現場直播】侯友宜聯訪談美國豬肉｜2020.9.7,,,
,,VM219:15 開放美豬時機敏感 江啟臣拍板暫緩AIT副處長周四邀宴,,,
,,VM219:15 【開放美豬牛】時機敏感避摸頭江啟臣暫緩AIT周四餐會,,,
,,VM219:15 美豬開放》藍委時間喬不定 AIT邀約餐敘可能延後,,,
,,VM219:15 傳江啟臣婉拒AIT邀約 國民黨：與事實不符，不樂見引起誤會,,,
,,VM219:15 駁斥江啟臣「時機敏感」婉拒AIT邀約 國民黨：5立委仍在協調中,,,
,,VM219:15 韓國瑜為何跟蔣萬安搶北市？網曝關鍵：「這點」韓贏蔣太多,,,
,,VM219:15 屢遭點名選台北市長？ 陳時中：不知道能不能挺過三支箭,,,
,,VM219:15 選北市長?陳時中:不知能否挺過3支箭| 華視新聞20200907,,,
,,VM219:15 韓國瑜、蔣萬安拚台北市長初選誰會贏？網友選邊站,,,
,,VM219:15 首都戰開打！藍營主動表態 綠、白不鬆口│TVBS新聞網,,,
,,VM219:15 相當3座大巨蛋！中鋼煤礦封閉建築啟動 陳其邁要求「緊緊緊」,,,
,,VM219:15 陳其邁盯中鋼！環團要求汙染改善、智慧監測、產業轉型,,,
,,VM219:15 國旅夯！高雄大港橋七月落成已40萬人造訪林佳龍揪總統自拍留念| 生活,,,
,,VM219:15 3訪保安宮 小英：全力推動高雄建設,,,
,,VM219:15 美豬爭議 羅智強：陳其邁臉皮功已超越段宜康,,,
,,VM219:15 食藥署正式預告豬肉萊劑殘留量 晚間悄上網,,,
,,VM219:15 美豬萊劑殘留標準「正式預告」 食藥署晚間悄悄放上網,,,
,,VM219:15 大溪漁港10釣客遭浪襲落海 4死1命危4傷【更新】,,,
,,VM219:15 瘋狗浪捲人》落海畫面曝光！釣客死抱冰箱待救援(翻攝畫面),,,
,,VM219:15 瘋狗浪打向大溪漁港釀4死 事發前釣客身影曝光,,,
,,VM219:15 【TVBS新聞精華】20200907 今年最嚴重落海意外5米瘋狗浪吞噬10釣客,,,
,,VM219:15 【瘋狗浪吞人】3波瘋狗浪攻擊倖存釣客直擊整排人車被吞掉,,,
,,VM219:15 故宮還給老K？林俊憲批：不如乾脆點把國民黨還給中國！ | 政治,,,
,,VM219:15 故宮收入歸藍營？ 陳柏惟轟：那我用1元跟你們換4萬,,,
,,VM219:15 藍營喊「收回故宮」 蘇貞昌：奇怪噎！國家東西屬於2300萬人,,,
,,VM219:15 林俊憲狠嗆「不如把國民黨還給中國」 網友一片叫好,,,
,,VM219:15 國寶≠黨寶！黨產會與國民黨臉書開戰 立委批：KMT快還錢,,,
,,VM219:15 男家裡挖出250片「加利口罩」想報廢！網急勸別衝動│TVBS新聞網,,,
,,VM219:15 「我人可能不好，但產品沒問題！」加利負責人再度道歉,,,
,,VM219:15 【黑心口罩】加利MIT爭議上游廠商說話了,,,
,,VM219:15 加利口罩假冒MIT暗黑真相曝光 網驚：夭壽喔,,,
,,VM219:15 加利口罩換貨 指揮中心：不用健保卡但要填換貨單,,,
,,VM219:15 術後這大咖第一個來電！館長愧：罵了一堆你還願意這樣對我,,,
,,VM219:15 「讓我羞愧又感動！」 館長透露中槍後第一通電話是他打的| 政治,,,
,,VM219:15 【館長中彈】開刀後首通電話來自陳其邁 館長：羞愧又感動,,,
,,VM219:15 鄭文燦祝福早日康復！館長暖回「24字」：再約你運動,,,
,,VM219:15 對館長隔空安慰？ 陳其邁：好像在電視機前表白,,,
,,VM219:15 合體前市府團隊吃飯是信號 黃暐瀚斷言：韓要選明年黨揆,,,
,,VM219:15 【全面備戰】不能再輸！藍中評委點將徵召韓國瑜、朱立倫2024選正副總統,,,
,,VM219:15 佈局2024 國民黨中評委提案徵召韓國瑜、朱立倫參選正副總統,,,
,,VM219:15 未出席全代會！韓國瑜行蹤曝光 合體三位前副市長,,,
,,VM219:15 刻意避開？藍全代會 韓國瑜北上未出席│TVBS新聞網,,,
,,VM219:15 美豬標準縣市、中央不同調 陳時中：排骨便當跨縣變不行很怪,,,
,,VM219:15 遭批螺絲鬆！美豬、加利口罩事件 陳時中：不反駁不鬥嘴鼓,,,
,,VM219:15 美豬大戰爭議不休！陳時中：嚴格標示強化追蹤系統| 生活,,,
,,VM219:15 推行美豬牛標示示範 陳時中：將下鄉全台跑透透,,,
,,VM219:15 新冠疫苗慢國際一大步 陳時中：國安產業一定要扶植,,,
,,VM219:15 快評》蠢話蠢行之後,,,
,,VM219:15 林進嘉觀點：官字兩個口，人民真卑微,,,
,,VM219:15 竹縣艱困選區有進步 蔡英文赴湖口顯聖宮還願感恩,,,
,,VM219:15 影／總統「真心換絕情！」陳昌輝手拿豬心反對美豬進口,,,
,,VM219:15 蔡英文出席律師節慶祝大會 場外2團體抗議美豬牛,,,
,,VM219:15 入秋首道鋒面周四報到周四、五雨彈炸全台,,,
,,VM219:15 全台變天有雨！入秋首道鋒面週四報到,,,
,,VM219:15 入秋首波鋒面周四來襲 氣象局曝2降雨熱區,,,
,,VM219:15 海神今撲朝鮮半島 午後各地有局部降雨或雷雨機會,,,
,,VM219:15 週二全台空品不佳！好天氣倒數2天 週四鋒面通過恐變天,,,
,,VM219:15 旅行社掀「實體門市倒閉潮」 易遊網收7家、雄獅關30間「考慮關更多」,,,
,,VM219:15 「疫情重災產業」！ 旅行社掀實體門市「關店潮」@東森新聞CH51,,,
,,VM219:15 旅遊社實體門市關門潮！易遊網關7家 雄獅年底前「一周關一家」,,,
,,VM219:15 【只剩國旅】慘！48家旅行社停業解散雄獅、易遊網關37家門市求生,,,
,,"VM219:15 疫情慘! 易遊網關7實體門市省""百萬租金""",,,
,,VM219:15 金曲歌王驚傳猝逝舞台上 陳其邁不捨令文化局規劃紀念活動,,,
,,VM219:15 嚴詠能猝逝林佳龍不捨嚴所屬「打狗亂歌團」照表定大鵬灣演出,,,
,,VM219:15 金曲「打狗亂歌團」嚴詠能舞台上心肌梗塞倒下不治－民視新聞,,,
,,VM219:15 【今日精摘】打狗亂歌團主唱嚴詠能猝逝／加利陸製口罩回收百萬片,,,
,,VM219:15 嚴詠能魂斷舞台屏東設靈心因性猝死14日公祭,,,
,,VM219:15 金錢豹酒客遭押走虐死案 凶嫌之一曾是「桶仔主」才出獄2個月,,,
,,VM219:15 台中金錢豹「天上人間」業績一路長紅 小姐氣質出眾男人心中好所在,,,
,,VM219:15 台中金錢豹「天上人間」屹立20年！老司機透露神秘原因,,,
,,VM219:15 天上人間「沒電梯滋事變少」 業績稱霸,,,
,,VM219:15 金錢豹門口擄2男 打死1人1手腳全斷 5惡煞全被聲押,,,
,,VM219:15 開店秒殺！全聯「中衛」限定色口罩1家僅6包 頭香5點搶,,,
,,VM295:15 Sony Xperia 5 II宣傳影片疑洩產品特色全曝光,,,
,,VM295:15 Sony Xperia 5 II 完整官方產品介紹影片流出，功能全部露,,,
,,VM295:15 索尼Xperia 5 II配置價格全曝光：120Hz帶魚屏加持漲價200美元-財經新聞,,,
,,VM295:15 Sony 全新旗艦Xperia 5 II 售價遭外媒提前曝光！4大亮點值得期待,,,
,,VM295:15 Sony Xperia 5 II 完整官方產品介紹影片流出，功能全部露- 手機品牌新聞,,,
,,VM295:15 台泥公開收購跨越七成門檻 信昌化確定將下市,,,
,,VM295:15 鴻海8月營收逾4205億元 今年、歷年同期新高,,,
,,VM295:15 〈台股盤後〉電子高價股無力 翻黑收12601.4點失守月線,,,
,,VM295:15 寶齡富錦明停牌 市場傳兩種可能性,,,
,,VM295:15 平均利率1.79％ 史上第2低 還清房貸要22年創新高,,,
,,VM295:15 誤把中獎彩券給客人！店員恐賠薪水含淚急尋 結局超暖,,,
,,VM295:15 GIS-KY 外資升目標價,,,
,,VM295:15 國銀海外踩雷 金管會緊盯,,,
,,VM295:15 外資前8月淨匯出創新高 黃天牧：對台股影響不大,,,
,,VM295:15 外資8月淨匯出39.64億美元! 黃天牧:匯出股息對台股影響小 非凡財經新聞 20200907,,,
,,VM295:15 接軌二大會計魔王 黃天牧斥保險董總：不要只知其然,,,
,,VM295:15 保險論壇沒業界高層金管會主委批「不知其所以然」,,,
,,VM295:15 習近平才說擴大對外開放 德智庫學者：中國經濟政策將碰壁,,,
,,VM295:15 德智庫學者：中國經濟政策將四處碰壁,,,
,,VM295:15 騰訊微博本月底將停止服務和運營,,,
,,VM295:15 騰訊微博本月28日停止營運 剩新浪一家獨大,,,
,,VM295:15 騰訊微博 月底吹熄燈號,,,
,,VM295:15 不玩了！ 騰訊微博宣布9月28日關閉,,,
,,VM295:15 騰訊微博不敵新浪微博與微信 公告28日關閉,,,
,,VM295:15 華邦電8月營收攀11個月高 旺宏4個月高,,,
,,VM295:15 福斯 Tiguan 跑旅版本官方照公布，車尾換上全新設計！,,,
,,VM295:15 福斯價格下殺國產車 POLO只要76.8萬,,,
,,VM295:15 美股變盤 台股本周恐回測季線,,,
,,VM295:15 董事長大舉拋售股票套現57億美的集團：個人資產配置需要- 自由財經,,,
,,VM295:15 美的被減持三十二億 董事長套現近十四億,,,
,,"VM295:15 台灣""日系商店""升溫！日本""唐吉訶德""11月要來台開店！在人力銀行開出超過3百個職缺正式宣告來台插旗！ 記者謝抒珉李文勝 【台灣要聞。先知道】20200906 三立iNEWS",,,
,,VM295:15 插旗西門町！唐吉訶德好逛嗎？登台後2優勢網推「贏定了」,,,
,,VM295:15 日本唐吉軻德落腳台灣會成功？台人喊「1危機」：小母湯,,,
,,"VM295:15 日""唐吉軻德""插旗西門町! 估11月開幕搶徵才",,,
,,VM295:15 哈日族嗨翻！「唐吉軻德」將在台展店 網分析2優勢,,,
,,VM295:15 台灣13家好市多 網推「這間」最優秀：逛起來超爽快,,,
,,VM295:15 谷歌2款5G手機 傳9/25上市,,,
,,VM295:15 Pixel 4a 5G 、 Pixle 5 德國售價曝光，兩者價差約 150 歐元,,,
,,VM295:15 電信商爆雷了！Google 兩款5G Pixel 手機傳最快月底上市- 自由電子報3C科技,,,
,,VM295:15 國外電信商暴雷！ Google Pixel 兩款5G新機傳於 9/25 上市,,,
,,VM295:15 Pixel 5 售價曝光Pixel 4a 5G 同日上市,,,
,,VM295:15 外媒：Intel明年初發表11代Core桌上型處理器Rocket Lake-S 14nm最後一代,,,
,,VM295:15 Galaxy Book Flex 5G 發佈，採用 Intel 11代 Tiger Lake 處理器,,,
,,VM295:15 搭配英特爾第11代Core處理器，微星推出商務筆電,,,
,,VM295:15 Intel下一代採用Tremont驅動的Jasper Lake Atom產品曝光，10nm Pentium和Celeron CPU將於2021年初發布,,,
,,VM295:15 同一顆Tiger Lake CPU 有40% 效能差距，但Intel 為何說「非常合理」？,,,
,,VM295:15 爸送這款「威士忌」給兒！轉售後將買房 專家曝背後原因,,,
,,VM295:15 爽！ 老爸每年送1瓶威士忌 28年後他賣掉28瓶準備買房子,,,
,,VM295:15 英父每年送一枝威士忌28年後足夠兒子「上車」,,,
,,VM295:15 28年生日禮物都是威士忌 他一次全賣掉「賺回一棟房」,,,
,,VM295:15 英男賣掉28瓶威士忌 買人生第一間房,,,
,,VM295:15 立隆8月營收近年單月次高 今年獲利估衝新高,,,
,,VM295:15 《台北股市》台股長多不變 科技股盯2風險,,,
,,VM295:15 研究估華為晶片庫存明年耗盡、手機市佔率暴跌至4.3％,,,
,,VM295:15 今年全球手機銷量估萎縮11%，華為2021 年耗盡晶片庫存,,,
,,VM295:15 華為Mate 40手機傳砍單30% 供應鏈或重新洗牌,,,
,,VM295:15 陸穿戴裝置華為市占居冠,,,
,,VM295:15 研調：預測全球智慧手機總出貨量下滑11％！品牌市占前三名將迎洗牌,,,
,,VM295:15 第三代半導體商機 台鏈搶食,,,
,,VM295:15 三星Galaxy S20 FE新機規格疑洩9~10月間傳推出,,,
,,VM295:15 3個月時間大賺30％ 人民幣長期升值吸引外資加速湧入A股會出現什麼翻天覆地的變化？,,,
,,VM295:15 外資狂賣、新台幣卻升值！分析師曝「影響匯率」主因：沒那麼單純,,,
,,VM295:15 【彭博專欄】官方刺激消費人民幣升勢未歇| 國際評論| 會員專區,,,
,,VM295:15 新光金、新壽總座交接 吳欣儒訂五大營運策略,,,
,,VM295:15 電動機車生力軍，全球銷售第一，電池永久免月租費,,,
,,VM295:15 能海電能EV-50輕型快充電動機車上市發表,,,
,,VM295:15 【有影】四萬有找！能海電能推最高CP值電動機車,,,
,,VM295:15 電動機車生力軍 能海電能科技EV-50發表上市,,,
,,VM295:15 快充電動機車新車發表 標哥霸氣喊：太便宜！現場一人買一台,,,
,,VM295:15 Artec 推出以《洛克人》為主題的程式設計學習套件操作洛克砲造型控制器體驗程式開發,,,
,,VM295:15 自組洛克人手砲可玩又可學寫程式，日本寓教於樂教材開眾籌,,,
,,賞大稻埕煙火遠離人潮！北市府分享私房景點| 旅遊,,,
,,VM333:15 台北新景點再添一處！「黎和生態公園」佔地5445坪，原生森林步道、頂點還可遠眺101,,,
,,VM333:15 櫻花、鬱金香2月綻放迎春天！台北市3處免費賞花景點走透透| 旅遊,,,
,,VM333:15 隱身都會！北市白石湖浪漫同心池 獨享自然山林風光,,,
,,VM333:15 「硫磺谷泡腳池2.0」新開放！週末順遊北投３大免費溫泉景點,,,
,,VM333:15 雙北一日遊現在就出發！一次給你25個新北人、台北人都不一定知道的「療癒系打卡景點」，看山、看海、看夜景讓你來趟解憂之旅。 TaipeiWalker．JapanWalker．WalkerLand,,,
,,VM333:15 在台北追花季！陽明山「10大秘境景點」不藏私 準備攻佔IG版面,,,
,,VM333:15 景點即時影像 北市27日上線,,,
,,VM333:15 台北森林系景點|虎山自然步道|最佳看101油桐花步道|夜晚螢火蟲閃亮登場|台北CP值超高的登山步道 TaipeiWalker．JapanWalker．WalkerLand,,,
,,VM333:15 宣布再增1家防疫旅館北市：約320位同仁去11景點| 社會,,,
,,VM333:15 防五一連假人潮爆滿 北市11景點有即時影像供查詢,,,
,,VM333:15 台北熱門賞螢景點 志工起早透晚忙復育,,,
,,VM333:15 真的很需要被療癒！佔地8.3公頃「社子島濕地」被超萌小水鴨佔領，台北免費放空系景點再加一。 TaipeiWalker．JapanWalker．WalkerLand,,,
,,VM333:15 親子遊新景點！台北大佳河濱共融式遊戲場化身繽紛海洋世界| 旅遊,,,
,,VM333:15 當地人才知道的台北小地標有哪些？ 網驚呼1景點：住了33年都不知道,,,
,,VM333:15 【武漢肺炎】郵輪乘客跑遍台北51景點當局發警示曾到者要自我觀察,,,
,,VM333:15 北投美拍景點|三層崎公園|情人瀑布|龍鳳谷公園|婚紗外拍聖地|琉磺谷泡腳池步道|北投泡湯花海瀑布美食一日遊 TaipeiWalker．JapanWalker．WalkerLand,,,
,,VM333:15 鼠年出遊走春求財北中南景點一次看北部篇,,,
,,VM333:15 走春去哪玩？台北市12著名景點春節活動大彙整| 旅遊,,,
,,VM333:15 日本人遊台最愛這２個景點？內行網友曝關鍵原因,,,
,,VM333:15 歷年單月新高！8月出口311.7億美元、年增8.3％,,,
,,VM333:15 中國8月份出口繼續成長進口意外下降,,,
,,VM333:15 連二紅！8月出口超旺 創歷年單月新高,,,
,,VM333:15 中國貿易數字遠超預期 對美順差繼續擴大,,,
,,VM333:15 大陸8月出口大爆發 年增11.6％,,,
,,VM333:15 華為晶片斷供大限將至！ 任正非喊話︰沒退路就是勝利之路,,,
,,VM333:15 華為任正非：這個磨難會讓更多的英雄產生,,,
,,VM333:15 指華為處在特別困難的時期 任正非：讓打勝仗的思想成為信仰,,,
,,VM333:15 【華為危機】9.15晶片斷供大限！任正非激勵員工：沒退路就是勝利之路,,,
,,VM333:15 為保供應鏈 華為大量囤貨,,,
,,VM333:15 LTN經濟通》各國狂印鈔 抗泡沫絕招大公開,,,
,,VM333:15 跨領域合作！小7超商就能買到Volvo時尚休旅XC40,,,
,,VM333:15 7-ELEVEN就能買VOLVO！享獨家限定優惠，交車再送5000元禮卷,,,
,,VM333:15 小七強攻數位「會員數衝上900萬！」 OPEN POINT 1點抽百萬名車,,,
,,VM333:15 跨品牌合作 便利商店竟能買瑞典坦克,,,
,,VM333:15 小7真的什麼都賣 北歐品牌VOLVO也買得到,,,
,,VM333:15 「前兩年是等死，現在是忙死和操死…」燦坤新董事長獨家專訪：我們要醒來了！,,,
,,VM333:15 台股要走空了快逃？專家從7大變數找答案,,,
,,VM333:15 疫情衝擊》台積電今年運動會確定取消,,,
,,VM333:15 今年運動會取消？台積電回應了| 產業熱點| 產業,,,
,,VM333:15 再創單季新高?台積電Q3營收估112-115億美元季增7.9-10.8% 年度運動會傳首度停辦? 非凡財經新聞 20200907,,,
,,VM333:15 運動會擬取消？ 台積電：以公司公告為主,,,
,,VM333:15 技術落差與美國制裁威脅，中芯國際回歸A 股後股價重挫逾40%,,,
,,VM333:15 傳中芯被列黑名單 外資喊買這三家台廠,,,
,,VM333:15 應對美制裁 專家估「中晶片供應鏈將花2到3年轉至國內」,,,