自由財經, 特斯拉董事出脫股票大賺近1.5億 隨後股價3連跌
Anue鉅亨, 星展：美股大跌是健康的修正 建議維持科技股投資
 經濟日報, 【外媒綜合】那斯達克崩跌短暫回調還是另一波修正的開始？ | 外媒解析| 會員專區
 自由財經, 美股大跌投資人恐變心 專家：可能再跌10％
 Anue鉅亨, 〈美股盤後〉VIX衝高！科技股引爆股災 道瓊暴跌逾 800 點
 三立新聞網, 台積電跌2.06% 台股重挫近200點 回檔壓力恐飆高
 Yahoo奇摩股市, 美股慘跌VIX指數飆升 分析師：不代表市場將崩盤
 Anue鉅亨, 美股暴跌拖累 台股早盤一度重挫逾200點 富邦VIX飆漲8%
 工商時報, 賭盤爆危機？11/3大選當天美股恐大地震
 Yahoo奇摩新聞, 道瓊暴跌800點！恐慌指數VIX飆漲 科技股引爆股災
 自由財經, 台股盤前》美股重挫大跌 短線勢必受拖累
 自由財經, 童子賢：台企實力勝任何FTA 供應鏈不分顏色
 鉅亨網, 紅色供應鏈崛起 童子賢：產業趨勢大於顏色
 中央社即時新聞, 紅色供應鏈崛起 童子賢：產業趨勢大過顏色選擇
 ETtoday 新聞雲, 台灣經貿實力漸強！童子賢：韓國簽FTA看似有優勢「但也沒好多少」
 經濟日報, 談紅色供應鏈 童子賢：產業趨勢大過顏色選擇
 中時新聞網 Chinatimes.com, 採用三星8奈米嚇壞市場 繪圖晶片大廠棄台積電有玄機
 商業周刊, 美國金融研究公司：台積電是全世界最重要的企業！3個理由，股價一點都不貴
 Yahoo奇摩, 北漂族真的回流了！南科快速崛起 掀史上最大工程師移民潮
 電子工程專輯, Ansys多物理場方案通過台積電3奈米製程認證
 TechOrange 科技報橘, 【台灣的南科將成為世界的南科】台積電南下部署帶動國際大廠投資，預估兩年產值直逼竹科！ | TechOrange
 Anue鉅亨, 信邦8月營收連5個月創新高 前8月營收同寫新猷
 經濟日報, 信邦連五月締新猷
 工商時報, 去美化助攻宏捷科8月營收靚
 Anue鉅亨, 聚陽8月營收跳增至31億元 寫11個月來最佳
 經濟日報, 聚陽8月營收勁揚28%
 Anue鉅亨, 〈貴金屬盤後〉美股崩跌 市場趕忙變現 黃金挫至一週低點
 Yahoo奇摩股市, 《研究報告》新興市場債明顯彈升 後市可期
 經濟日報, 目標到期基金 變動市場優質選項
 工商時報, 新興市場債明顯彈升後市可期
 Anue鉅亨, 豪展8月營收3.16億元 年增逾2倍 連3個月寫新高
 經濟日報, 新興債中長線買點到
 工商時報, 外資瘋狂掃貨11萬張買的竟然不是台積電
 經濟日報, 外資買超百億元 最愛從台積電轉為這檔
 Anue鉅亨, 台股挫逾百點失守月線 外資大提款 三大法人賣超237.5億元
 Yahoo奇摩股市, 台股虎頭蛇尾 外資態度左右後市多空 分析師：強勢表態得看這3檔
 經濟日報, 三大法人賣超台股237.54億元
 鏡週刊, 【零股投資術2】買零股經常槓龜？ 這樣出價就對了
 Yahoo奇摩股市, 【零股投資術5】圖解：盤中零股交易上路 3分鐘搞懂新制
 EBC東森財經新聞, 買零股經常槓龜？ 這樣出價就對了
 鏡週刊, 【零股投資術1】小資族福音！不用再等2點半撮合 盤中零股交易將上路
 ETtoday 新聞雲, 小資族買「零股」！他月投資1萬買進3檔...3招讓錢滾大
 中央社即時新聞, 口罩國家隊自清：從未旁門左道做口罩 也未遲交
 udn OOPS! 新鮮事, 網怨戴心酸？家裡口罩庫存好多「加利」 陸製字體差異曝光
 中時新聞網 Chinatimes.com, 加利老闆以國家隊為恥 嗆「快把我踢出」 律師驚：自掘墳墓啊
 三立新聞網, 加利老闆暴怒：被欺騙簽空白合約 遭官員威脅「吊銷藥證」
 udn OOPS! 新鮮事, 加利指工業防護率99％比醫95％好 藥師：別被百分比騙
 udn OOPS! 新鮮事, 加利老闆稱被政府騙簽約 經濟部秀白紙黑字合約打臉
 自由財經, 加利「簽白紙」胡說八道經部秀合約：內容簽名都很清楚
 中央社即時新聞, 加利口罩進口中國製品混入實名制 王美花重批老鼠屎
 UDN 聯合新聞網, 加利混用陸製冒實名制口罩 王美花斥：害群之馬、還怪東怪西
 中時新聞網 Chinatimes.com, 以國家隊為恥？ 經濟部拿數據回擊加利老闆：產能沒有不足
 三立新聞網, 加利口罩國家隊…竟混賣大陸製！侯友宜悍回：全國都要清查
 udn OOPS! 新鮮事, 八里口罩國家隊混大陸製 業者喊：趕快把我踢出國家隊
 中時新聞網 Chinatimes.com, 實名制口罩出現大陸制 侯友宜：廠商有委屈也不該如此
 東森新聞 CH51, 最新》新北工廠混大陸口罩侯友宜：矇騙市民、非常痛心
 台灣蘋果日報, 【黑心口罩】國家隊混賣中國貨侯友宜痛心：全面深入清查
 新頭殼, 加利3月已有口罩進口？陳時中：當時是海關查獲未入境就整批銷毀| 社會
 民視新聞網 Formosa TV News network, 快新聞／混中國製口罩陳時中怒批加利負責人－民視新聞
 udn OOPS! 新鮮事, 加利讚自家口罩好「以國家隊為恥」 陳時中：違法別講五四三
 中華電視公司, 加利口罩混入中國貨陳時中重砲轟| 華視新聞20200904
 自由時報電子報, 犯法在先又「說五四三」 陳時中訓斥加利：一個舉動毀了大家的努力
 自由時報電子報, 王金平將率團參加海峽論壇- 政治
 Yahoo奇摩新聞, 陸委會明令 禁在台辦海峽論壇活動
 新頭殼, 王金平可去海峽論壇？ 吳敦義：蔡英文沒資格阻撓| 政治
 UDN 聯合新聞網, 大陸將舉辦海峽論壇 陸委會提三項禁止
 NOWnews, 北京將舉辦海峽論壇陸委會：不鼓勵我方人士參與
 自由時報電子報, 加利稱有國家隊廠商不願被徵用口罩 陳其邁對放話不以為然
 ETtoday 新聞雲, 加利老闆喊「快把我踢出國家隊」 陳其邁：我對他非常不以為然
 UDN 聯合新聞網, 傳高雄口罩國家隊未按徵用量上繳！陳其邁要查清楚
 自由時報電子報, 醫院及公共運輸工具不戴口罩 高雄市要罰了
 中時新聞網 Chinatimes.com, 漏網之魚？高雄記者買到陸製口罩 市府將全面追查
 台灣蘋果日報, 【黑心口罩】4點拆穿加利謊言！ 王定宇：賺不義之財還滿口仁義道德
 UDN 聯合新聞網, 加利高喊一切都為了員工 王定宇：額外分裝反而更累
 三立新聞網, 加利叫囂「快把我踢出國家隊」 律師斷言下場：自掘墳墓
 自由時報電子報, 加利混充中國口罩 王定宇：業者賺不義之財 有媒體還幫忙洗白
 ETtoday 新聞雲, 列4關鍵打臉加利謊言！ 王定宇痛批：做盡壞事，還滿口仁義道德
 中天電視, 加利老闆：以國家隊為恥國家隊口罩血汗沒人想做？【中天焦點新聞】｜2020.09.04
 UDN 聯合新聞網, 加利科技鐵門半開接受退貨 工廠外有大陸紙箱
 台灣蘋果日報, 【黑心口罩】蔡英文：絕不容許中國製冒充MIT 查辦到底確保防疫無破口
 新頭殼, 外媒搶報台灣新版護照非官方設計圖意外吸睛| 政治
 Yahoo奇摩新聞, 新版護照凸顯TAIWAN 近六成民眾：非常滿意
 自由時報電子報, 時力肯定新版護照展顯台灣意象 高鈺婷：設計應多與民間交流
 鏡週刊, 邱顯智籲國民黨換黨徽 點名3人「用行動說話」
 ETtoday 新聞雲, 時代力量肯定新版護照 高鈺婷：凸顯台灣主權意向
 UDN 聯合新聞網, 加利稱陸製口罩品質勝MIT 指揮中心回應了
 中華電視公司, 中製口罩混實名制民眾一早搶換貨| 華視新聞20200904
 中央社即時新聞, 加利口罩中國製混入實名制 換貨民眾批打壞台灣信用
 udn OOPS! 新鮮事, 網怨戴心酸？家裡口罩庫存好多「加利」 陸製字體差異曝光
 中天新聞CH52, 20200904中天新聞加利累犯、三月查到未公布衛福部質疑刻意隱瞞？
 新頭殼, 批中國承諾幾乎沒實現賀吉普：中國對捷克投資效益被高估| 政治
 三立新聞網, 不只是台灣人！布拉格市長自曝「驚人身分」：我是台北市民
 NOWnews, 【直播／柯文哲與捷克最帥市長賀瑞普記者會】
 新頭殼, 參議長「我是台灣人」 賀吉普：我是台北市民而且是事實！ | 政治
 三立新聞網, 中國取消巡演布拉格愛樂樂團總監：不為政治服務| 國際
 自由時報電子報, 又新增一例境外移入！指揮中心下午2點緊急記者會說明
 udn OOPS! 新鮮事, 女台商赴日工作不適 就醫症狀改善仍帶新冠肺炎返國
 三立新聞網, 快訊／台灣新增1例確診 指揮中心下午一併說明口罩風波
 台灣蘋果日報, 【武肺疫報】40多歲女赴日工作返台無症狀確診匡列11人
 自由時報電子報, 40多歲女赴日工作返台無症狀確診 同班機接觸者共11人
 自由時報電子報, 安倍接班人 日媒民調：菅義偉呼聲最高
 Yahoo奇摩新聞, 安倍下台，台日情感派的終結
 UDN 聯合新聞網, 【日相改選】菅義偉將上位？一次看懂安倍接班人的三大人選
 TVBS NEWS, 【十點不一樣】令和大叔的突襲! 菅義偉宣布參選自民黨黨魁
 Yahoo奇摩新聞, 【Yahoo論壇／蔡增家】派系主導下的安倍接班人
 Yahoo奇摩新聞, 陸委會明令 禁在台辦海峽論壇活動
 新頭殼, 王金平可去海峽論壇？ 吳敦義：蔡英文沒資格阻撓| 政治
 UDN 聯合新聞網, 王金平代表國民黨參加海峽論壇？ 江啟臣：還在討論中
 NOWnews, 北京將舉辦海峽論壇陸委會：不鼓勵我方人士參與
 新頭殼, 傳王金平率團參加海峽論壇國民黨出面說明| 政治
 中央社即時新聞, 歐銻銻放棄代理愛奇藝 范立達：會對消費者負責
 UDN 聯合新聞網, 台灣禁愛奇藝！用戶問：難道看陸劇就會被洗腦？
 民視新聞網 Formosa TV News network, 愛奇藝掰了! 台灣代理商:今起停止代理去問NCC－民視新聞
 中央社即時新聞, OTT草案吵什麼？8大關鍵問答一次看
 udn OOPS! 新鮮事, 封殺愛奇藝條款生效 歐銻銻宣布停止代理並裁員
 XFastest News, 創始版RTX 3060 曝光：16公分單風扇短小精悍
 經濟日報, 輝達新顯卡「加量不加價」 微星股價奔漲停
 UNWIRE.HK, 【懶人包】NVIDIA RTX 30系列懶人包最強卡王+ 新畫面技術
 INSIDE 硬塞的網路趨勢觀察, NVIDIA 發表 Ampere 架構 GPU 新品： RTX 3080、3070、3090！
 經濟日報, 外資喊買微星 目標價上看180元
 UNWIRE.HK, ROG GeForce RTX 30系顯示卡登場 新款電競熒幕 + 鍵盤 + 滑鼠發佈
 科技新報 TechNews, 全用三星8 奈米，Nvidia RTX 30 系列顯卡隱憂在這
 三立新聞網 Setn.com, 獨／超有愛！低頭族踩空腳卡捷運月台 乘客全下車狂推車廂
 ePrice, 紅米Note 10 諜照亮相，揭露三鏡頭配置與重點規格
 自由時報電子報, 台鐵新購EMU900型電聯車十月底入港 普悠瑪先試運送軌道
 udn OOPS! 新鮮事, 加利老闆稱被政府騙簽約 經濟部秀白紙黑字合約打臉
 自由財經, 加利「簽白紙」胡說八道經部秀合約：內容簽名都很清楚
 中央社即時新聞, 加利口罩進口中國製品混入實名制 王美花重批老鼠屎
 UDN 聯合新聞網, 加利混用陸製冒實名制口罩 王美花斥：害群之馬、還怪東怪西
 中時新聞網 Chinatimes.com, 以國家隊為恥？ 經濟部拿數據回擊加利老闆：產能沒有不足
 三立新聞網, 加利口罩國家隊…竟混賣大陸製！侯友宜悍回：全國都要清查
 東森新聞 CH51, 最新》新北工廠混大陸口罩侯友宜：矇騙市民、非常痛心
 UDN 聯合新聞網, 業者累犯賣陸製口罩 侯友宜：有委屈不代表可非法混充
 中時新聞網 Chinatimes.com, 實名制口罩出現大陸制 侯友宜：廠商有委屈也不該如此
 台灣蘋果日報, 【黑心口罩】國家隊混賣中國貨侯友宜痛心：全面深入清查
 新頭殼, 加利3月已有口罩進口？陳時中：當時是海關查獲未入境就整批銷毀| 社會
 民視新聞網 Formosa TV News network, 快新聞／混中國製口罩陳時中怒批加利負責人－民視新聞
 udn OOPS! 新鮮事, 加利讚自家口罩好「以國家隊為恥」 陳時中：違法別講五四三
 中華電視公司, 加利口罩混入中國貨陳時中重砲轟| 華視新聞20200904
 自由時報電子報, 犯法在先又「說五四三」 陳時中訓斥加利：一個舉動毀了大家的努力
 自由時報電子報, 加利稱有國家隊廠商不願被徵用口罩 陳其邁對放話不以為然
 ETtoday 新聞雲, 加利老闆喊「快把我踢出國家隊」 陳其邁：我對他非常不以為然
 UDN 聯合新聞網, 傳高雄口罩國家隊未按徵用量上繳！陳其邁要查清楚
 自由時報電子報, 醫院及公共運輸工具不戴口罩 高雄市要罰了
 中時新聞網 Chinatimes.com, 漏網之魚？高雄記者買到陸製口罩 市府將全面追查
 T客邦, RTX 3080 碾壓RTX 2080 Ti，4K 畫質《毀滅戰士：永恆》平均120 FPS
 電腦王阿達, RTX 3080 效能有多強悍？NVIDIA 用《毀滅戰士：永恆》遊戲來告訴你跟前代差距有多大
 XFastest HK, 留有一手? 外媒在LENOVO 網頁發現RTX 3070 SUPER 與Ti (16GB) 版本
 XFastest News, iPhone12採用全新磁吸無線充電，傳統市場恐將洗牌
 T客邦, iPhone12傳採全新磁吸無線充電、現有Qi標準不能用，無線充電市場將大洗牌
 三立新聞網 Setn.com, 獨／超有愛！低頭族踩空腳卡捷運月台 乘客全下車狂推車廂
 ETtoday 新聞雲, 「低頭族」腳卡捷運月台縫隙！乘客猛推車廂救援 北捷：這是SOP
 東森新聞 CH51, 低頭族腳卡月台間隙！ 乘客下車齊力「推車廂」
 三立新聞網SETN, 獨／低頭族踩空腳卡月台乘客全下車狂推車廂｜三立新聞台
 T客邦, 更新Windows 10 後竟會降低SSD 使用壽命！微軟表示：想辦法修復中
 XFastest News, Windows 10將採用新API：大幅提升遊戲性能縮短遊戲加載時間
 自由時報電子報, 台鐵新購EMU900型電聯車十月底入港 普悠瑪先試運送軌道
 三立新聞網 Setn.com, 甩親中黨內互槓！論述需中國同意？江啟臣怒飆中常委：閉嘴
 中華電視公司, 藍數位黨部上線民眾黨影片拉近距離| 華視新聞20200903
 新頭殼, 為兩岸論述跟中常委拍桌江啟臣：國民黨有該堅持的立場| 政治
 三立新聞網SETN, 「論述需中國同意」 江啟臣怒飆中常委嗆閉嘴！｜三立新聞台
 自由評論網, 自由開講》國民黨嘴巴在硬什麼？重演地方包圍中央的戲碼？ - 自由評論網
 民視新聞網 Formosa TV News network, 邰智源挑戰1日府憲兵總統:今天憲兵胖一點－民視新聞
 udn 噓！星聞, 「最美女憲兵」現身總統府！合體蔡英文鄉民暴動
 TVBS NEWS, 當憲兵被說胖總統再見邰智源:你變瘦了!
 三立新聞網, 最美女憲兵曝光！渾圓上圍撐繃制服 照片曝光引2萬人朝聖
 新頭殼, 邰智源「一日總統府憲兵」 蔡英文驚：今日憲兵胖一點| 政治
 電腦王阿達, Google 與DeepMind 合作，改良Google 地圖交通流量預測
 Yahoo奇摩新聞, Google解密怎麼使用 AI 預測車流量、決定最佳路線！
 ETtoday 新聞雲, Google地圖也可一鍵訂餐 「Google預訂」在台推出
 TVBS新聞, Google推新功能！ 地圖可一鍵「訂位、買門票」│TVBS新聞網
 立場新聞, 在Google 地圖街景裡尋找2019 抗爭足跡| 互動專頁| 立場新聞
 udn OOPS! 新鮮事, 加利老闆稱被政府騙簽約 經濟部秀白紙黑字合約打臉
 udn OOPS! 新鮮事, 網怨戴心酸？家裡口罩庫存好多「加利」 陸製字體差異曝光
 新頭殼, 加利月月買足半價原物料網轟：每月還倒賺3萬片| 社會
 udn OOPS! 新鮮事, 八里口罩國家隊混大陸製 業者喊：趕快把我踢出國家隊
 中時新聞網 Chinatimes.com, 傳台灣飛彈擊落共軍蘇愷35戰機墜毀？空軍駁斥
 台灣蘋果日報, 網傳台灣擊落解放軍蘇愷35墜機我國防部鄭重否認
 三立新聞網, 傳台灣擊落一架中共SU-35飛機？空軍：鄭重駁斥假訊息
 ETtoday 新聞雲, 快訊／網傳台灣擊落共機蘇愷35 空軍司令部：子虛烏有
 Yahoo奇摩新聞, 網傳台灣擊落SU-35？ 國防部駁斥：子虛烏有的假訊息
 中央社即時新聞, 加利進口中國製口罩偽MIT 海關3月攔截近7萬片
 udn OOPS! 新鮮事, 網怨戴心酸？家裡口罩庫存好多「加利」 陸製字體差異曝光
 三立新聞網, 身分曝光！加利吹哨者是新北女藥師 她2個月前就已聽說
 中央社即時新聞, 加利口罩中國製混入實名制 換貨民眾批打壞台灣信用
 udn OOPS! 新鮮事, 獨／加利吹哨者熱血女藥師曝「2個月前就聽說」 直呼「賊星該敗」
 新頭殼, 「一日憲兵」邰智源出社會了蔡英文笑：他變瘦了| 政治
 民視新聞網 Formosa TV News network, 邰智源挑戰1日府憲兵總統:今天憲兵胖一點－民視新聞
 udn 噓！星聞, 「最美女憲兵」現身總統府！合體蔡英文鄉民暴動
 三立新聞網, 最美女憲兵曝光！渾圓上圍撐繃制服 照片曝光引2萬人朝聖
 TVBS NEWS, 當憲兵被說胖總統再見邰智源:你變瘦了!
 自由時報電子報, 又新增一例境外移入！指揮中心下午2點緊急記者會說明
 udn OOPS! 新鮮事, 女台商赴日工作不適 就醫症狀改善仍帶新冠肺炎返國
 民視新聞網 Formosa TV News network, 快新聞／新增1境外移入40多歲女日本返國確診－民視新聞
 自由時報電子報, 40多歲女赴日工作返台無症狀確診 同班機接觸者共11人
 新頭殼, 武漢肺炎》新增1名境外移入！指揮中心下午2時說明| 社會
 三立新聞網 Setn.com, 日媒提問「台灣總統」！中國秒崩潰：台灣地區的一個領導人
 自由時報電子報, 日媒提問「台灣總統蔡英文」 華春瑩一聽秒崩潰
 Yahoo奇摩, 日媒提問稱蔡英文總統 華春瑩：她是中國台灣地區的一個領導人而已
 新頭殼, 華春瑩稱蔡英文非總統只是地區領導人網憂:華媽狂犬病又犯了| 政治
 自由時報電子報, 轟美國禁抖音是「搶劫！」 華春瑩跳腳反遭網酸爆「雙重標準」
 自由時報電子報, 加利稱有國家隊廠商不願被徵用口罩 陳其邁對放話不以為然
 民視新聞網 Formosa TV News network, 0904高雄市長陳其邁頒獎高雄三民二分局失蹤少女案破案｜民視快新聞｜
 中央社即時新聞, 口罩實名制傳高雄業者未按徵量繳交 高市：若違規將懲處
 中時新聞網 Chinatimes.com, 記者疑拿到陸製口罩 高市府澄清：非實名制配送
 自由時報電子報, 醫院及公共運輸工具不戴口罩 高雄市要罰了
 XFastest News, RTX 3080顯示卡為何只配10GB記憶體？NVIDIA：不想漲價
 經濟日報, 輝達新顯卡「加量不加價」 微星股價奔漲停
 UNWIRE.HK, 【懶人包】NVIDIA RTX 30系列懶人包最強卡王+ 新畫面技術
 三立新聞網 Setn.com, 真香！NVIDIA發表「3款」新GPU…懶人包統整給你
 經濟日報, 外資喊買微星 目標價上看180元
 UNWIRE.HK, ROG GeForce RTX 30系顯示卡登場 新款電競熒幕 + 鍵盤 + 滑鼠發佈
 科技新報 TechNews, 全用三星8 奈米，Nvidia RTX 30 系列顯卡隱憂在這
 三立新聞網 Setn.com, 獨／超有愛！低頭族踩空腳卡捷運月台 乘客全下車狂推車廂
 ePrice, 沒Google 地圖怎麼辦？華為找它做替代品
 三立新聞網, 最美女憲兵曝光！渾圓上圍撐繃制服 照片曝光引2萬人朝聖
 自由時報電子報, 「一日憲兵」被嫌胖 蔡英文指著邰智源「他變瘦了！」
 風傳媒, 「今天憲兵比較胖喔！」邰智源體驗一日憲兵獲好評 勤務、訓練一次看
 NOWnews, 邰哥挑戰「一日」總統府憲兵！蔡英文看傻眼：有點胖
 自由財經, 加利「簽白紙」胡說八道 經部秀合約：內容簽名都很清楚
 udn OOPS! 新鮮事, 加利老闆稱被政府騙簽約 經濟部秀白紙黑字合約打臉
 中天新聞CH52, 20200904中天新聞國家隊內幕？ 加利爆「大廠欺壓小廠」 經濟部駁斥
 自由財經, 加利魚目混珠還抹黑國家隊 經長譴責：做錯了還指責別人
 UDN 聯合新聞網, 加利混用陸製冒實名制口罩 王美花斥：害群之馬、還怪東怪西
 UDN 聯合新聞網, 陳菊：被害者正義很重要 但死刑犯生命也只有一次
 民視新聞網 Formosa TV News network, 生命只有一次! 陳菊邀看《我的兒子是死刑犯》－民視新聞
 自由時報電子報, 陳菊：生命只有一次 等待死亡是煎熬的過程
 三立新聞網 Setn.com, 觀賞《我的兒子是死刑犯》紀錄片…陳菊：人權之路漫長艱辛
 中央社即時新聞, 陳菊：生命只有一次 等待死亡是煎熬過程
 自由時報電子報, 國民黨：蔡政府連口罩都管不好能管好瘦肉精美豬？ - 政治
 UDN 聯合新聞網, 【重磅快評】陳時中的五四三與蔡政府應盡的把關責任
 華視新聞, 國民黨：口罩都管不好蔡政府能管好瘦肉精美豬？ - 華視新聞網
 自由時報電子報, 蔡政府將開放美豬美牛 洪秀柱：形同「四不一沒有」
 上報, 陳嘉宏專欄：蔡英文給了送分題國民黨還倒扣--上報
 自由時報電子報, 九三軍人節 金門古寧頭戰場驚見5枚未爆彈殘體
 ETtoday 新聞雲, 金門古寧頭岸際驚見5枚未爆彈！急拉封鎖線 殘體鏽蝕軍方處置中
 udn 聯合新聞網, 古寧頭岸際1次發現5枚未爆彈 金門岸巡趕往處理
 udn 聯合新聞網, 古寧頭岸際驚見未爆彈 殘體鏽蝕軍方銷毀
中央社即時新聞, 口罩國家隊自清：從未旁門左道做口罩 也未遲交
 udn OOPS! 新鮮事, 網怨戴心酸？家裡口罩庫存好多「加利」 陸製字體差異曝光
 中時新聞網 Chinatimes.com, 加利老闆以國家隊為恥 嗆「快把我踢出」 律師驚：自掘墳墓啊
 三立新聞網, 加利老闆暴怒：被欺騙簽空白合約 遭官員威脅「吊銷藥證」
 udn OOPS! 新鮮事, 加利指工業防護率99％比醫95％好 藥師：別被百分比騙
 udn OOPS! 新鮮事, 加利老闆稱被政府騙簽約 經濟部秀白紙黑字合約打臉
 自由財經, 加利「簽白紙」胡說八道經部秀合約：內容簽名都很清楚
 中央社即時新聞, 加利口罩進口中國製品混入實名制 王美花重批老鼠屎
 UDN 聯合新聞網, 加利混用陸製冒實名制口罩 王美花斥：害群之馬、還怪東怪西
 中時新聞網 Chinatimes.com, 以國家隊為恥？ 經濟部拿數據回擊加利老闆：產能沒有不足
 三立新聞網, 加利口罩國家隊…竟混賣大陸製！侯友宜悍回：全國都要清查
 udn OOPS! 新鮮事, 八里口罩國家隊混大陸製 業者喊：趕快把我踢出國家隊
 中時新聞網 Chinatimes.com, 實名制口罩出現大陸制 侯友宜：廠商有委屈也不該如此
 東森新聞 CH51, 最新》新北工廠混大陸口罩侯友宜：矇騙市民、非常痛心
 台灣蘋果日報, 【黑心口罩】國家隊混賣中國貨侯友宜痛心：全面深入清查
 新頭殼, 加利3月已有口罩進口？陳時中：當時是海關查獲未入境就整批銷毀| 社會
 民視新聞網 Formosa TV News network, 快新聞／混中國製口罩陳時中怒批加利負責人－民視新聞
 udn OOPS! 新鮮事, 加利讚自家口罩好「以國家隊為恥」 陳時中：違法別講五四三
 中華電視公司, 加利口罩混入中國貨陳時中重砲轟| 華視新聞20200904
 自由時報電子報, 犯法在先又「說五四三」 陳時中訓斥加利：一個舉動毀了大家的努力
 自由時報電子報, 王金平將率團參加海峽論壇- 政治
 Yahoo奇摩新聞, 陸委會明令 禁在台辦海峽論壇活動
 新頭殼, 王金平可去海峽論壇？ 吳敦義：蔡英文沒資格阻撓| 政治
 UDN 聯合新聞網, 大陸將舉辦海峽論壇 陸委會提三項禁止
 NOWnews, 北京將舉辦海峽論壇陸委會：不鼓勵我方人士參與
 自由時報電子報, 加利稱有國家隊廠商不願被徵用口罩 陳其邁對放話不以為然
 ETtoday 新聞雲, 加利老闆喊「快把我踢出國家隊」 陳其邁：我對他非常不以為然
 UDN 聯合新聞網, 傳高雄口罩國家隊未按徵用量上繳！陳其邁要查清楚
 自由時報電子報, 醫院及公共運輸工具不戴口罩 高雄市要罰了
 中時新聞網 Chinatimes.com, 漏網之魚？高雄記者買到陸製口罩 市府將全面追查
 台灣蘋果日報, 【黑心口罩】4點拆穿加利謊言！ 王定宇：賺不義之財還滿口仁義道德
 UDN 聯合新聞網, 加利高喊一切都為了員工 王定宇：額外分裝反而更累
 三立新聞網, 加利叫囂「快把我踢出國家隊」 律師斷言下場：自掘墳墓
 自由時報電子報, 加利混充中國口罩 王定宇：業者賺不義之財 有媒體還幫忙洗白
 ETtoday 新聞雲, 列4關鍵打臉加利謊言！ 王定宇痛批：做盡壞事，還滿口仁義道德
 中天電視, 加利老闆：以國家隊為恥國家隊口罩血汗沒人想做？【中天焦點新聞】｜2020.09.04
 UDN 聯合新聞網, 加利科技鐵門半開接受退貨 工廠外有大陸紙箱
 台灣蘋果日報, 【黑心口罩】蔡英文：絕不容許中國製冒充MIT 查辦到底確保防疫無破口
 新頭殼, 外媒搶報台灣新版護照非官方設計圖意外吸睛| 政治
 Yahoo奇摩新聞, 新版護照凸顯TAIWAN 近六成民眾：非常滿意
 自由時報電子報, 時力肯定新版護照展顯台灣意象 高鈺婷：設計應多與民間交流
 鏡週刊, 邱顯智籲國民黨換黨徽 點名3人「用行動說話」
 ETtoday 新聞雲, 時代力量肯定新版護照 高鈺婷：凸顯台灣主權意向
 UDN 聯合新聞網, 加利稱陸製口罩品質勝MIT 指揮中心回應了
 中華電視公司, 中製口罩混實名制民眾一早搶換貨| 華視新聞20200904
 中央社即時新聞, 加利口罩中國製混入實名制 換貨民眾批打壞台灣信用
 udn OOPS! 新鮮事, 網怨戴心酸？家裡口罩庫存好多「加利」 陸製字體差異曝光
 中天新聞CH52, 20200904中天新聞加利累犯、三月查到未公布衛福部質疑刻意隱瞞？
 新頭殼, 批中國承諾幾乎沒實現賀吉普：中國對捷克投資效益被高估| 政治
 三立新聞網, 不只是台灣人！布拉格市長自曝「驚人身分」：我是台北市民
 NOWnews, 【直播／柯文哲與捷克最帥市長賀瑞普記者會】
 新頭殼, 參議長「我是台灣人」 賀吉普：我是台北市民而且是事實！ | 政治
 三立新聞網, 中國取消巡演布拉格愛樂樂團總監：不為政治服務| 國際
 自由時報電子報, 又新增一例境外移入！指揮中心下午2點緊急記者會說明
 udn OOPS! 新鮮事, 女台商赴日工作不適 就醫症狀改善仍帶新冠肺炎返國
 三立新聞網, 快訊／台灣新增1例確診 指揮中心下午一併說明口罩風波
 台灣蘋果日報, 【武肺疫報】40多歲女赴日工作返台無症狀確診匡列11人
 自由時報電子報, 40多歲女赴日工作返台無症狀確診 同班機接觸者共11人
 自由時報電子報, 安倍接班人 日媒民調：菅義偉呼聲最高
 Yahoo奇摩新聞, 安倍下台，台日情感派的終結
 UDN 聯合新聞網, 【日相改選】菅義偉將上位？一次看懂安倍接班人的三大人選
 TVBS NEWS, 【十點不一樣】令和大叔的突襲! 菅義偉宣布參選自民黨黨魁
 Yahoo奇摩新聞, 【Yahoo論壇／蔡增家】派系主導下的安倍接班人
 Yahoo奇摩新聞, 陸委會明令 禁在台辦海峽論壇活動
 新頭殼, 王金平可去海峽論壇？ 吳敦義：蔡英文沒資格阻撓| 政治
 UDN 聯合新聞網, 王金平代表國民黨參加海峽論壇？ 江啟臣：還在討論中
 NOWnews, 北京將舉辦海峽論壇陸委會：不鼓勵我方人士參與
 新頭殼, 傳王金平率團參加海峽論壇國民黨出面說明| 政治
 中央社即時新聞, 歐銻銻放棄代理愛奇藝 范立達：會對消費者負責
 UDN 聯合新聞網, 台灣禁愛奇藝！用戶問：難道看陸劇就會被洗腦？
 民視新聞網 Formosa TV News network, 愛奇藝掰了! 台灣代理商:今起停止代理去問NCC－民視新聞
 中央社即時新聞, OTT草案吵什麼？8大關鍵問答一次看
 udn OOPS! 新鮮事, 封殺愛奇藝條款生效 歐銻銻宣布停止代理並裁員
 XFastest News, 創始版RTX 3060 曝光：16公分單風扇短小精悍
 經濟日報, 輝達新顯卡「加量不加價」 微星股價奔漲停
 UNWIRE.HK, 【懶人包】NVIDIA RTX 30系列懶人包最強卡王+ 新畫面技術
 INSIDE 硬塞的網路趨勢觀察, NVIDIA 發表 Ampere 架構 GPU 新品： RTX 3080、3070、3090！
 經濟日報, 外資喊買微星 目標價上看180元
 UNWIRE.HK, ROG GeForce RTX 30系顯示卡登場 新款電競熒幕 + 鍵盤 + 滑鼠發佈
 科技新報 TechNews, 全用三星8 奈米，Nvidia RTX 30 系列顯卡隱憂在這
 三立新聞網 Setn.com, 獨／超有愛！低頭族踩空腳卡捷運月台 乘客全下車狂推車廂
 ePrice, 紅米Note 10 諜照亮相，揭露三鏡頭配置與重點規格
 自由時報電子報, 台鐵新購EMU900型電聯車十月底入港 普悠瑪先試運送軌道
 udn OOPS! 新鮮事, 加利老闆稱被政府騙簽約 經濟部秀白紙黑字合約打臉
 自由財經, 加利「簽白紙」胡說八道經部秀合約：內容簽名都很清楚
 中央社即時新聞, 加利口罩進口中國製品混入實名制 王美花重批老鼠屎
 UDN 聯合新聞網, 加利混用陸製冒實名制口罩 王美花斥：害群之馬、還怪東怪西
 中時新聞網 Chinatimes.com, 以國家隊為恥？ 經濟部拿數據回擊加利老闆：產能沒有不足
 三立新聞網, 加利口罩國家隊…竟混賣大陸製！侯友宜悍回：全國都要清查
 東森新聞 CH51, 最新》新北工廠混大陸口罩侯友宜：矇騙市民、非常痛心
 UDN 聯合新聞網, 業者累犯賣陸製口罩 侯友宜：有委屈不代表可非法混充
 中時新聞網 Chinatimes.com, 實名制口罩出現大陸制 侯友宜：廠商有委屈也不該如此
 台灣蘋果日報, 【黑心口罩】國家隊混賣中國貨侯友宜痛心：全面深入清查
 新頭殼, 加利3月已有口罩進口？陳時中：當時是海關查獲未入境就整批銷毀| 社會
 民視新聞網 Formosa TV News network, 快新聞／混中國製口罩陳時中怒批加利負責人－民視新聞
 udn OOPS! 新鮮事, 加利讚自家口罩好「以國家隊為恥」 陳時中：違法別講五四三
 中華電視公司, 加利口罩混入中國貨陳時中重砲轟| 華視新聞20200904
 自由時報電子報, 犯法在先又「說五四三」 陳時中訓斥加利：一個舉動毀了大家的努力
 自由時報電子報, 加利稱有國家隊廠商不願被徵用口罩 陳其邁對放話不以為然
 ETtoday 新聞雲, 加利老闆喊「快把我踢出國家隊」 陳其邁：我對他非常不以為然
 UDN 聯合新聞網, 傳高雄口罩國家隊未按徵用量上繳！陳其邁要查清楚
 自由時報電子報, 醫院及公共運輸工具不戴口罩 高雄市要罰了
 中時新聞網 Chinatimes.com, 漏網之魚？高雄記者買到陸製口罩 市府將全面追查
 T客邦, RTX 3080 碾壓RTX 2080 Ti，4K 畫質《毀滅戰士：永恆》平均120 FPS
 電腦王阿達, RTX 3080 效能有多強悍？NVIDIA 用《毀滅戰士：永恆》遊戲來告訴你跟前代差距有多大
 XFastest HK, 留有一手? 外媒在LENOVO 網頁發現RTX 3070 SUPER 與Ti (16GB) 版本
 XFastest News, iPhone12採用全新磁吸無線充電，傳統市場恐將洗牌
 T客邦, iPhone12傳採全新磁吸無線充電、現有Qi標準不能用，無線充電市場將大洗牌
 三立新聞網 Setn.com, 獨／超有愛！低頭族踩空腳卡捷運月台 乘客全下車狂推車廂
 ETtoday 新聞雲, 「低頭族」腳卡捷運月台縫隙！乘客猛推車廂救援 北捷：這是SOP
 東森新聞 CH51, 低頭族腳卡月台間隙！ 乘客下車齊力「推車廂」
 三立新聞網SETN, 獨／低頭族踩空腳卡月台乘客全下車狂推車廂｜三立新聞台
 T客邦, 更新Windows 10 後竟會降低SSD 使用壽命！微軟表示：想辦法修復中
 XFastest News, Windows 10將採用新API：大幅提升遊戲性能縮短遊戲加載時間
 自由時報電子報, 台鐵新購EMU900型電聯車十月底入港 普悠瑪先試運送軌道
 三立新聞網 Setn.com, 甩親中黨內互槓！論述需中國同意？江啟臣怒飆中常委：閉嘴
 中華電視公司, 藍數位黨部上線民眾黨影片拉近距離| 華視新聞20200903
 新頭殼, 為兩岸論述跟中常委拍桌江啟臣：國民黨有該堅持的立場| 政治
 三立新聞網SETN, 「論述需中國同意」 江啟臣怒飆中常委嗆閉嘴！｜三立新聞台
 自由評論網, 自由開講》國民黨嘴巴在硬什麼？重演地方包圍中央的戲碼？ - 自由評論網
 民視新聞網 Formosa TV News network, 邰智源挑戰1日府憲兵總統:今天憲兵胖一點－民視新聞
 udn 噓！星聞, 「最美女憲兵」現身總統府！合體蔡英文鄉民暴動
 TVBS NEWS, 當憲兵被說胖總統再見邰智源:你變瘦了!
 三立新聞網, 最美女憲兵曝光！渾圓上圍撐繃制服 照片曝光引2萬人朝聖
 新頭殼, 邰智源「一日總統府憲兵」 蔡英文驚：今日憲兵胖一點| 政治
 電腦王阿達, Google 與DeepMind 合作，改良Google 地圖交通流量預測
 Yahoo奇摩新聞, Google解密怎麼使用 AI 預測車流量、決定最佳路線！
 ETtoday 新聞雲, Google地圖也可一鍵訂餐 「Google預訂」在台推出
 TVBS新聞, Google推新功能！ 地圖可一鍵「訂位、買門票」│TVBS新聞網
 立場新聞, 在Google 地圖街景裡尋找2019 抗爭足跡| 互動專頁| 立場新聞
 udn OOPS! 新鮮事, 加利老闆稱被政府騙簽約 經濟部秀白紙黑字合約打臉
 udn OOPS! 新鮮事, 網怨戴心酸？家裡口罩庫存好多「加利」 陸製字體差異曝光
 新頭殼, 加利月月買足半價原物料網轟：每月還倒賺3萬片| 社會
 udn OOPS! 新鮮事, 八里口罩國家隊混大陸製 業者喊：趕快把我踢出國家隊
 中時新聞網 Chinatimes.com, 傳台灣飛彈擊落共軍蘇愷35戰機墜毀？空軍駁斥
 台灣蘋果日報, 網傳台灣擊落解放軍蘇愷35墜機我國防部鄭重否認
 三立新聞網, 傳台灣擊落一架中共SU-35飛機？空軍：鄭重駁斥假訊息
 ETtoday 新聞雲, 快訊／網傳台灣擊落共機蘇愷35 空軍司令部：子虛烏有
 Yahoo奇摩新聞, 網傳台灣擊落SU-35？ 國防部駁斥：子虛烏有的假訊息
 中央社即時新聞, 加利進口中國製口罩偽MIT 海關3月攔截近7萬片
 udn OOPS! 新鮮事, 網怨戴心酸？家裡口罩庫存好多「加利」 陸製字體差異曝光
 三立新聞網, 身分曝光！加利吹哨者是新北女藥師 她2個月前就已聽說
 中央社即時新聞, 加利口罩中國製混入實名制 換貨民眾批打壞台灣信用
 udn OOPS! 新鮮事, 獨／加利吹哨者熱血女藥師曝「2個月前就聽說」 直呼「賊星該敗」
 新頭殼, 「一日憲兵」邰智源出社會了蔡英文笑：他變瘦了| 政治
 民視新聞網 Formosa TV News network, 邰智源挑戰1日府憲兵總統:今天憲兵胖一點－民視新聞
 udn 噓！星聞, 「最美女憲兵」現身總統府！合體蔡英文鄉民暴動
 三立新聞網, 最美女憲兵曝光！渾圓上圍撐繃制服 照片曝光引2萬人朝聖
 TVBS NEWS, 當憲兵被說胖總統再見邰智源:你變瘦了!
 自由時報電子報, 又新增一例境外移入！指揮中心下午2點緊急記者會說明
 udn OOPS! 新鮮事, 女台商赴日工作不適 就醫症狀改善仍帶新冠肺炎返國
 民視新聞網 Formosa TV News network, 快新聞／新增1境外移入40多歲女日本返國確診－民視新聞
 自由時報電子報, 40多歲女赴日工作返台無症狀確診 同班機接觸者共11人
 新頭殼, 武漢肺炎》新增1名境外移入！指揮中心下午2時說明| 社會
 三立新聞網 Setn.com, 日媒提問「台灣總統」！中國秒崩潰：台灣地區的一個領導人
 自由時報電子報, 日媒提問「台灣總統蔡英文」 華春瑩一聽秒崩潰
 Yahoo奇摩, 日媒提問稱蔡英文總統 華春瑩：她是中國台灣地區的一個領導人而已
 新頭殼, 華春瑩稱蔡英文非總統只是地區領導人網憂:華媽狂犬病又犯了| 政治
 自由時報電子報, 轟美國禁抖音是「搶劫！」 華春瑩跳腳反遭網酸爆「雙重標準」
 自由時報電子報, 加利稱有國家隊廠商不願被徵用口罩 陳其邁對放話不以為然
 民視新聞網 Formosa TV News network, 0904高雄市長陳其邁頒獎高雄三民二分局失蹤少女案破案｜民視快新聞｜
 中央社即時新聞, 口罩實名制傳高雄業者未按徵量繳交 高市：若違規將懲處
 中時新聞網 Chinatimes.com, 記者疑拿到陸製口罩 高市府澄清：非實名制配送
 自由時報電子報, 醫院及公共運輸工具不戴口罩 高雄市要罰了
 XFastest News, RTX 3080顯示卡為何只配10GB記憶體？NVIDIA：不想漲價
 經濟日報, 輝達新顯卡「加量不加價」 微星股價奔漲停
 UNWIRE.HK, 【懶人包】NVIDIA RTX 30系列懶人包最強卡王+ 新畫面技術
 三立新聞網 Setn.com, 真香！NVIDIA發表「3款」新GPU…懶人包統整給你
 經濟日報, 外資喊買微星 目標價上看180元
 UNWIRE.HK, ROG GeForce RTX 30系顯示卡登場 新款電競熒幕 + 鍵盤 + 滑鼠發佈
 科技新報 TechNews, 全用三星8 奈米，Nvidia RTX 30 系列顯卡隱憂在這
 三立新聞網 Setn.com, 獨／超有愛！低頭族踩空腳卡捷運月台 乘客全下車狂推車廂
 ePrice, 沒Google 地圖怎麼辦？華為找它做替代品
 三立新聞網, 最美女憲兵曝光！渾圓上圍撐繃制服 照片曝光引2萬人朝聖
 自由時報電子報, 「一日憲兵」被嫌胖 蔡英文指著邰智源「他變瘦了！」
 風傳媒, 「今天憲兵比較胖喔！」邰智源體驗一日憲兵獲好評 勤務、訓練一次看
 NOWnews, 邰哥挑戰「一日」總統府憲兵！蔡英文看傻眼：有點胖
 自由財經, 加利「簽白紙」胡說八道 經部秀合約：內容簽名都很清楚
 udn OOPS! 新鮮事, 加利老闆稱被政府騙簽約 經濟部秀白紙黑字合約打臉
 中天新聞CH52, 20200904中天新聞國家隊內幕？ 加利爆「大廠欺壓小廠」 經濟部駁斥
 自由財經, 加利魚目混珠還抹黑國家隊 經長譴責：做錯了還指責別人
 UDN 聯合新聞網, 加利混用陸製冒實名制口罩 王美花斥：害群之馬、還怪東怪西
 UDN 聯合新聞網, 陳菊：被害者正義很重要 但死刑犯生命也只有一次
 民視新聞網 Formosa TV News network, 生命只有一次! 陳菊邀看《我的兒子是死刑犯》－民視新聞
 自由時報電子報, 陳菊：生命只有一次 等待死亡是煎熬的過程
 三立新聞網 Setn.com, 觀賞《我的兒子是死刑犯》紀錄片…陳菊：人權之路漫長艱辛
 中央社即時新聞, 陳菊：生命只有一次 等待死亡是煎熬過程
 自由時報電子報, 國民黨：蔡政府連口罩都管不好能管好瘦肉精美豬？ - 政治
 UDN 聯合新聞網, 【重磅快評】陳時中的五四三與蔡政府應盡的把關責任
 華視新聞, 國民黨：口罩都管不好蔡政府能管好瘦肉精美豬？ - 華視新聞網
 自由時報電子報, 蔡政府將開放美豬美牛 洪秀柱：形同「四不一沒有」
 上報, 陳嘉宏專欄：蔡英文給了送分題國民黨還倒扣--上報
 自由時報電子報, 九三軍人節 金門古寧頭戰場驚見5枚未爆彈殘體
 ETtoday 新聞雲, 金門古寧頭岸際驚見5枚未爆彈！急拉封鎖線 殘體鏽蝕軍方處置中
 udn 聯合新聞網, 古寧頭岸際1次發現5枚未爆彈 金門岸巡趕往處理
 udn 聯合新聞網, 古寧頭岸際驚見未爆彈 殘體鏽蝕軍方銷毀
 中央社即時新聞, 加利進口中國製口罩偽MIT 海關3月攔截近7萬片
 udn OOPS! 新鮮事, 網怨戴心酸？家裡口罩庫存好多「加利」 陸製字體差異曝光
 三立新聞網, 身分曝光！加利吹哨者是新北女藥師 她2個月前就已聽說
 中央社即時新聞, 加利口罩中國製混入實名制 換貨民眾批打壞台灣信用
 udn OOPS! 新鮮事, 獨／加利吹哨者熱血女藥師曝「2個月前就聽說」 直呼「賊星該敗」
 中時新聞網 Chinatimes.com, 傳台灣飛彈擊落共軍蘇愷35戰機墜毀？空軍駁斥
 台灣蘋果日報, 網傳台灣擊落解放軍蘇愷35墜機我國防部鄭重否認
 三立新聞網, 傳台灣擊落一架中共SU-35飛機？空軍：鄭重駁斥假訊息
 中央社即時新聞, 網傳共機遭台灣擊落 空軍駁斥：假訊息
 ETtoday 新聞雲, 快訊／網傳台灣擊落共機蘇愷35 空軍司令部：子虛烏有
 udn OOPS! 新鮮事, 加利老闆稱被政府騙簽約 經濟部秀白紙黑字合約打臉
 中央社即時新聞, 加利口罩進口中國製品混入實名制 王美花重批老鼠屎
 自由財經, 加利魚目混珠還抹黑國家隊 經長譴責：做錯了還指責別人
 UDN 聯合新聞網, 加利混用陸製冒實名制口罩 王美花斥：害群之馬、還怪東怪西
 中時新聞網 Chinatimes.com, 以國家隊為恥？ 經濟部拿數據回擊加利老闆：產能沒有不足
 三立新聞網 Setn.com, 民調／宣布放寬美豬美牛進口…蔡英文最新滿意度曝光！
 新頭殼, 加利老闆嗆「以口罩國家隊為恥」王定宇怒揭：惡人的藉口..... | 政治
 台灣蘋果日報, 【黑心口罩】4點拆穿加利謊言！ 王定宇：賺不義之財還滿口仁義道德
 UDN 聯合新聞網, 加利高喊一切都為了員工 王定宇：額外分裝反而更累
 三立新聞網, 加利叫囂「快把我踢出國家隊」 律師斷言下場：自掘墳墓
 ETtoday 新聞雲, 列4關鍵打臉加利謊言！ 王定宇痛批：做盡壞事，還滿口仁義道德
 UDN 聯合新聞網, 陳菊：被害者正義很重要 但死刑犯生命也只有一次
 民視新聞網 Formosa TV News network, 生命只有一次! 陳菊邀看《我的兒子是死刑犯》－民視新聞
 自由時報電子報, 陳菊：生命只有一次 等待死亡是煎熬的過程
 三立新聞網 Setn.com, 觀賞《我的兒子是死刑犯》紀錄片…陳菊：人權之路漫長艱辛
 中央社即時新聞, 陳菊：生命只有一次 等待死亡是煎熬過程
 自由時報電子報, 國軍透氣戰鬥衫救災後竟要交還？ 陸軍：現已不用繳回
 ETtoday 新聞雲, 國軍透氣戰鬥衫用完要交還？ 陸軍駁斥：每人2件無須繳回
 自由時報電子報, 九三軍人節 金門古寧頭戰場驚見5枚未爆彈殘體
 ETtoday 新聞雲, 金門古寧頭岸際驚見5枚未爆彈！急拉封鎖線 殘體鏽蝕軍方處置中
 udn 聯合新聞網, 古寧頭岸際1次發現5枚未爆彈 金門岸巡趕往處理
 udn 聯合新聞網, 古寧頭岸際驚見未爆彈 殘體鏽蝕軍方銷毀
 新頭殼, 傳王金平率團參加海峽論壇國民黨出面說明| 政治
 Yahoo奇摩新聞, 陸委會明令 禁在台辦海峽論壇活動
 TVBS NEWS," 王金平赴海峽論壇陸委會""提醒""恐觸法"
 三立新聞網, 派出王金平9月赴中國參加「海峽論壇」 江啟臣回應了
 Yahoo奇摩, 王金平可去海峽論壇？ 吳敦義：蔡英文沒資格阻撓
 自由時報電子報, 賴清德答謝捷克參議長晚宴希望未來能持續強化兩國的合作與交流(總統府提供)
 新頭殼, 邀捷克再訪台賴清德：捷克是正義有勇氣的國際友人| 政治
 三立新聞網, 黑心口罩騙台灣！賴清德怒批加利「見利忘義」：絕不可寬貸
 自由時報電子報, 賴清德答謝捷克參議長晚宴 AIT處長出席
 中央社即時新聞, 捷克團設宴答謝 賴清德盼齊為國際民主努力
UDN 聯合新聞網, 加利稱陸製口罩品質勝MIT 指揮中心回應了
 中華電視公司, 中製口罩混實名制民眾一早搶換貨| 華視新聞20200904
 中央社即時新聞, 加利口罩中國製混入實名制 換貨民眾批打壞台灣信用
 udn OOPS! 新鮮事, 網怨戴心酸？家裡口罩庫存好多「加利」 陸製字體差異曝光
 中天新聞CH52, 20200904中天新聞加利累犯、三月查到未公布衛福部質疑刻意隱瞞？
 新頭殼, 批中國承諾幾乎沒實現賀吉普：中國對捷克投資效益被高估| 政治
 三立新聞網, 不只是台灣人！布拉格市長自曝「驚人身分」：我是台北市民
 NOWnews, 【直播／柯文哲與捷克最帥市長賀瑞普記者會】
 新頭殼, 參議長「我是台灣人」 賀吉普：我是台北市民而且是事實！ | 政治
 三立新聞網, 中國取消巡演布拉格愛樂樂團總監：不為政治服務| 國際
 自由時報電子報, 又新增一例境外移入！指揮中心下午2點緊急記者會說明
 udn OOPS! 新鮮事, 女台商赴日工作不適 就醫症狀改善仍帶新冠肺炎返國
 三立新聞網, 快訊／台灣新增1例確診 指揮中心下午一併說明口罩風波
 台灣蘋果日報, 【武肺疫報】40多歲女赴日工作返台無症狀確診匡列11人
 自由時報電子報, 40多歲女赴日工作返台無症狀確診 同班機接觸者共11人
 自由時報電子報, 安倍接班人 日媒民調：菅義偉呼聲最高
 Yahoo奇摩新聞, 安倍下台，台日情感派的終結
 UDN 聯合新聞網, 【日相改選】菅義偉將上位？一次看懂安倍接班人的三大人選
 TVBS NEWS, 【十點不一樣】令和大叔的突襲! 菅義偉宣布參選自民黨黨魁
 Yahoo奇摩新聞, 【Yahoo論壇／蔡增家】派系主導下的安倍接班人
 Yahoo奇摩新聞, 陸委會明令 禁在台辦海峽論壇活動
 新頭殼, 王金平可去海峽論壇？ 吳敦義：蔡英文沒資格阻撓| 政治
 UDN 聯合新聞網, 王金平代表國民黨參加海峽論壇？ 江啟臣：還在討論中
 NOWnews, 北京將舉辦海峽論壇陸委會：不鼓勵我方人士參與
 新頭殼, 傳王金平率團參加海峽論壇國民黨出面說明| 政治
 中央社即時新聞, 歐銻銻放棄代理愛奇藝 范立達：會對消費者負責
 UDN 聯合新聞網, 台灣禁愛奇藝！用戶問：難道看陸劇就會被洗腦？
 民視新聞網 Formosa TV News network, 愛奇藝掰了! 台灣代理商:今起停止代理去問NCC－民視新聞
 中央社即時新聞, OTT草案吵什麼？8大關鍵問答一次看
 udn OOPS! 新鮮事, 封殺愛奇藝條款生效 歐銻銻宣布停止代理並裁員
 XFastest News, 創始版RTX 3060 曝光：16公分單風扇短小精悍
 經濟日報, 輝達新顯卡「加量不加價」 微星股價奔漲停
 UNWIRE.HK, 【懶人包】NVIDIA RTX 30系列懶人包最強卡王+ 新畫面技術
 INSIDE 硬塞的網路趨勢觀察, NVIDIA 發表 Ampere 架構 GPU 新品： RTX 3080、3070、3090！
 經濟日報, 外資喊買微星 目標價上看180元
 UNWIRE.HK, ROG GeForce RTX 30系顯示卡登場 新款電競熒幕 + 鍵盤 + 滑鼠發佈
 科技新報 TechNews, 全用三星8 奈米，Nvidia RTX 30 系列顯卡隱憂在這
 三立新聞網 Setn.com, 獨／超有愛！低頭族踩空腳卡捷運月台 乘客全下車狂推車廂
 ePrice, 紅米Note 10 諜照亮相，揭露三鏡頭配置與重點規格
 自由時報電子報, 台鐵新購EMU900型電聯車十月底入港 普悠瑪先試運送軌道
 udn OOPS! 新鮮事, 加利老闆稱被政府騙簽約 經濟部秀白紙黑字合約打臉
 自由財經, 加利「簽白紙」胡說八道經部秀合約：內容簽名都很清楚
 中央社即時新聞, 加利口罩進口中國製品混入實名制 王美花重批老鼠屎
 UDN 聯合新聞網, 加利混用陸製冒實名制口罩 王美花斥：害群之馬、還怪東怪西
 中時新聞網 Chinatimes.com, 以國家隊為恥？ 經濟部拿數據回擊加利老闆：產能沒有不足
 三立新聞網, 加利口罩國家隊…竟混賣大陸製！侯友宜悍回：全國都要清查
 東森新聞 CH51, 最新》新北工廠混大陸口罩侯友宜：矇騙市民、非常痛心
 UDN 聯合新聞網, 業者累犯賣陸製口罩 侯友宜：有委屈不代表可非法混充
 中時新聞網 Chinatimes.com, 實名制口罩出現大陸制 侯友宜：廠商有委屈也不該如此
 台灣蘋果日報, 【黑心口罩】國家隊混賣中國貨侯友宜痛心：全面深入清查
 新頭殼, 加利3月已有口罩進口？陳時中：當時是海關查獲未入境就整批銷毀| 社會
 民視新聞網 Formosa TV News network, 快新聞／混中國製口罩陳時中怒批加利負責人－民視新聞
 udn OOPS! 新鮮事, 加利讚自家口罩好「以國家隊為恥」 陳時中：違法別講五四三
 中華電視公司, 加利口罩混入中國貨陳時中重砲轟| 華視新聞20200904
 自由時報電子報, 犯法在先又「說五四三」 陳時中訓斥加利：一個舉動毀了大家的努力
 自由時報電子報, 加利稱有國家隊廠商不願被徵用口罩 陳其邁對放話不以為然
 ETtoday 新聞雲, 加利老闆喊「快把我踢出國家隊」 陳其邁：我對他非常不以為然
 UDN 聯合新聞網, 傳高雄口罩國家隊未按徵用量上繳！陳其邁要查清楚
 自由時報電子報, 醫院及公共運輸工具不戴口罩 高雄市要罰了
 中時新聞網 Chinatimes.com, 漏網之魚？高雄記者買到陸製口罩 市府將全面追查
 T客邦, RTX 3080 碾壓RTX 2080 Ti，4K 畫質《毀滅戰士：永恆》平均120 FPS
 電腦王阿達, RTX 3080 效能有多強悍？NVIDIA 用《毀滅戰士：永恆》遊戲來告訴你跟前代差距有多大
 XFastest HK, 留有一手? 外媒在LENOVO 網頁發現RTX 3070 SUPER 與Ti (16GB) 版本
 XFastest News, iPhone12採用全新磁吸無線充電，傳統市場恐將洗牌
 T客邦, iPhone12傳採全新磁吸無線充電、現有Qi標準不能用，無線充電市場將大洗牌
 三立新聞網 Setn.com, 獨／超有愛！低頭族踩空腳卡捷運月台 乘客全下車狂推車廂
 ETtoday 新聞雲, 「低頭族」腳卡捷運月台縫隙！乘客猛推車廂救援 北捷：這是SOP
 東森新聞 CH51, 低頭族腳卡月台間隙！ 乘客下車齊力「推車廂」
 三立新聞網SETN, 獨／低頭族踩空腳卡月台乘客全下車狂推車廂｜三立新聞台
 T客邦, 更新Windows 10 後竟會降低SSD 使用壽命！微軟表示：想辦法修復中
 XFastest News, Windows 10將採用新API：大幅提升遊戲性能縮短遊戲加載時間
 自由時報電子報, 台鐵新購EMU900型電聯車十月底入港 普悠瑪先試運送軌道
 三立新聞網 Setn.com, 甩親中黨內互槓！論述需中國同意？江啟臣怒飆中常委：閉嘴
 中華電視公司, 藍數位黨部上線民眾黨影片拉近距離| 華視新聞20200903
 新頭殼, 為兩岸論述跟中常委拍桌江啟臣：國民黨有該堅持的立場| 政治
 三立新聞網SETN, 「論述需中國同意」 江啟臣怒飆中常委嗆閉嘴！｜三立新聞台
 自由評論網, 自由開講》國民黨嘴巴在硬什麼？重演地方包圍中央的戲碼？ - 自由評論網
 民視新聞網 Formosa TV News network, 邰智源挑戰1日府憲兵總統:今天憲兵胖一點－民視新聞
 udn 噓！星聞, 「最美女憲兵」現身總統府！合體蔡英文鄉民暴動
 TVBS NEWS, 當憲兵被說胖總統再見邰智源:你變瘦了!
 三立新聞網, 最美女憲兵曝光！渾圓上圍撐繃制服 照片曝光引2萬人朝聖
 新頭殼, 邰智源「一日總統府憲兵」 蔡英文驚：今日憲兵胖一點| 政治
 電腦王阿達, Google 與DeepMind 合作，改良Google 地圖交通流量預測
 Yahoo奇摩新聞, Google解密怎麼使用 AI 預測車流量、決定最佳路線！
 ETtoday 新聞雲, Google地圖也可一鍵訂餐 「Google預訂」在台推出
 TVBS新聞, Google推新功能！ 地圖可一鍵「訂位、買門票」│TVBS新聞網
 立場新聞, 在Google 地圖街景裡尋找2019 抗爭足跡| 互動專頁| 立場新聞
 udn OOPS! 新鮮事, 加利老闆稱被政府騙簽約 經濟部秀白紙黑字合約打臉
 udn OOPS! 新鮮事, 網怨戴心酸？家裡口罩庫存好多「加利」 陸製字體差異曝光
 新頭殼, 加利月月買足半價原物料網轟：每月還倒賺3萬片| 社會
 udn OOPS! 新鮮事, 八里口罩國家隊混大陸製 業者喊：趕快把我踢出國家隊
 中時新聞網 Chinatimes.com, 傳台灣飛彈擊落共軍蘇愷35戰機墜毀？空軍駁斥
 台灣蘋果日報, 網傳台灣擊落解放軍蘇愷35墜機我國防部鄭重否認
 三立新聞網, 傳台灣擊落一架中共SU-35飛機？空軍：鄭重駁斥假訊息
 ETtoday 新聞雲, 快訊／網傳台灣擊落共機蘇愷35 空軍司令部：子虛烏有
 Yahoo奇摩新聞, 網傳台灣擊落SU-35？ 國防部駁斥：子虛烏有的假訊息
 中央社即時新聞, 加利進口中國製口罩偽MIT 海關3月攔截近7萬片
 udn OOPS! 新鮮事, 網怨戴心酸？家裡口罩庫存好多「加利」 陸製字體差異曝光
 三立新聞網, 身分曝光！加利吹哨者是新北女藥師 她2個月前就已聽說
 中央社即時新聞, 加利口罩中國製混入實名制 換貨民眾批打壞台灣信用
 udn OOPS! 新鮮事, 獨／加利吹哨者熱血女藥師曝「2個月前就聽說」 直呼「賊星該敗」
 新頭殼, 「一日憲兵」邰智源出社會了蔡英文笑：他變瘦了| 政治
 民視新聞網 Formosa TV News network, 邰智源挑戰1日府憲兵總統:今天憲兵胖一點－民視新聞
 udn 噓！星聞, 「最美女憲兵」現身總統府！合體蔡英文鄉民暴動
 三立新聞網, 最美女憲兵曝光！渾圓上圍撐繃制服 照片曝光引2萬人朝聖
 TVBS NEWS, 當憲兵被說胖總統再見邰智源:你變瘦了!
 自由時報電子報, 又新增一例境外移入！指揮中心下午2點緊急記者會說明
 udn OOPS! 新鮮事, 女台商赴日工作不適 就醫症狀改善仍帶新冠肺炎返國
 民視新聞網 Formosa TV News network, 快新聞／新增1境外移入40多歲女日本返國確診－民視新聞
 自由時報電子報, 40多歲女赴日工作返台無症狀確診 同班機接觸者共11人
 新頭殼, 武漢肺炎》新增1名境外移入！指揮中心下午2時說明| 社會
 三立新聞網 Setn.com, 日媒提問「台灣總統」！中國秒崩潰：台灣地區的一個領導人
 自由時報電子報, 日媒提問「台灣總統蔡英文」 華春瑩一聽秒崩潰
 Yahoo奇摩, 日媒提問稱蔡英文總統 華春瑩：她是中國台灣地區的一個領導人而已
 新頭殼, 華春瑩稱蔡英文非總統只是地區領導人網憂:華媽狂犬病又犯了| 政治
 自由時報電子報, 轟美國禁抖音是「搶劫！」 華春瑩跳腳反遭網酸爆「雙重標準」
 自由時報電子報, 加利稱有國家隊廠商不願被徵用口罩 陳其邁對放話不以為然
 民視新聞網 Formosa TV News network, 0904高雄市長陳其邁頒獎高雄三民二分局失蹤少女案破案｜民視快新聞｜
 中央社即時新聞, 口罩實名制傳高雄業者未按徵量繳交 高市：若違規將懲處
 中時新聞網 Chinatimes.com, 記者疑拿到陸製口罩 高市府澄清：非實名制配送
 自由時報電子報, 醫院及公共運輸工具不戴口罩 高雄市要罰了
 XFastest News, RTX 3080顯示卡為何只配10GB記憶體？NVIDIA：不想漲價
 經濟日報, 輝達新顯卡「加量不加價」 微星股價奔漲停
 UNWIRE.HK, 【懶人包】NVIDIA RTX 30系列懶人包最強卡王+ 新畫面技術
 三立新聞網 Setn.com, 真香！NVIDIA發表「3款」新GPU…懶人包統整給你
 經濟日報, 外資喊買微星 目標價上看180元
 UNWIRE.HK, ROG GeForce RTX 30系顯示卡登場 新款電競熒幕 + 鍵盤 + 滑鼠發佈
 科技新報 TechNews, 全用三星8 奈米，Nvidia RTX 30 系列顯卡隱憂在這
 三立新聞網 Setn.com, 獨／超有愛！低頭族踩空腳卡捷運月台 乘客全下車狂推車廂
 ePrice, 沒Google 地圖怎麼辦？華為找它做替代品
 三立新聞網, 最美女憲兵曝光！渾圓上圍撐繃制服 照片曝光引2萬人朝聖
 自由時報電子報, 「一日憲兵」被嫌胖 蔡英文指著邰智源「他變瘦了！」
 風傳媒, 「今天憲兵比較胖喔！」邰智源體驗一日憲兵獲好評 勤務、訓練一次看
 NOWnews, 邰哥挑戰「一日」總統府憲兵！蔡英文看傻眼：有點胖
 自由財經, 加利「簽白紙」胡說八道 經部秀合約：內容簽名都很清楚
 udn OOPS! 新鮮事, 加利老闆稱被政府騙簽約 經濟部秀白紙黑字合約打臉
 中天新聞CH52, 20200904中天新聞國家隊內幕？ 加利爆「大廠欺壓小廠」 經濟部駁斥
 自由財經, 加利魚目混珠還抹黑國家隊 經長譴責：做錯了還指責別人
 UDN 聯合新聞網, 加利混用陸製冒實名制口罩 王美花斥：害群之馬、還怪東怪西
 UDN 聯合新聞網, 陳菊：被害者正義很重要 但死刑犯生命也只有一次
 民視新聞網 Formosa TV News network, 生命只有一次! 陳菊邀看《我的兒子是死刑犯》－民視新聞
 自由時報電子報, 陳菊：生命只有一次 等待死亡是煎熬的過程
 三立新聞網 Setn.com, 觀賞《我的兒子是死刑犯》紀錄片…陳菊：人權之路漫長艱辛
 中央社即時新聞, 陳菊：生命只有一次 等待死亡是煎熬過程
 自由時報電子報, 國民黨：蔡政府連口罩都管不好能管好瘦肉精美豬？ - 政治
 UDN 聯合新聞網, 【重磅快評】陳時中的五四三與蔡政府應盡的把關責任
 華視新聞, 國民黨：口罩都管不好蔡政府能管好瘦肉精美豬？ - 華視新聞網
 自由時報電子報, 蔡政府將開放美豬美牛 洪秀柱：形同「四不一沒有」
 上報, 陳嘉宏專欄：蔡英文給了送分題國民黨還倒扣--上報
 自由時報電子報, 九三軍人節 金門古寧頭戰場驚見5枚未爆彈殘體
 ETtoday 新聞雲, 金門古寧頭岸際驚見5枚未爆彈！急拉封鎖線 殘體鏽蝕軍方處置中
 udn 聯合新聞網, 古寧頭岸際1次發現5枚未爆彈 金門岸巡趕往處理
 udn 聯合新聞網, 古寧頭岸際驚見未爆彈 殘體鏽蝕軍方銷毀
 中央社即時新聞, 加利進口中國製口罩偽MIT 海關3月攔截近7萬片
 udn OOPS! 新鮮事, 網怨戴心酸？家裡口罩庫存好多「加利」 陸製字體差異曝光
 三立新聞網, 身分曝光！加利吹哨者是新北女藥師 她2個月前就已聽說
 中央社即時新聞, 加利口罩中國製混入實名制 換貨民眾批打壞台灣信用
 udn OOPS! 新鮮事, 獨／加利吹哨者熱血女藥師曝「2個月前就聽說」 直呼「賊星該敗」
 中時新聞網 Chinatimes.com, 傳台灣飛彈擊落共軍蘇愷35戰機墜毀？空軍駁斥
 台灣蘋果日報, 網傳台灣擊落解放軍蘇愷35墜機我國防部鄭重否認
 三立新聞網, 傳台灣擊落一架中共SU-35飛機？空軍：鄭重駁斥假訊息
 中央社即時新聞, 網傳共機遭台灣擊落 空軍駁斥：假訊息
 ETtoday 新聞雲, 快訊／網傳台灣擊落共機蘇愷35 空軍司令部：子虛烏有
 udn OOPS! 新鮮事, 加利老闆稱被政府騙簽約 經濟部秀白紙黑字合約打臉
 中央社即時新聞, 加利口罩進口中國製品混入實名制 王美花重批老鼠屎
 自由財經, 加利魚目混珠還抹黑國家隊 經長譴責：做錯了還指責別人
 UDN 聯合新聞網, 加利混用陸製冒實名制口罩 王美花斥：害群之馬、還怪東怪西
 中時新聞網 Chinatimes.com, 以國家隊為恥？ 經濟部拿數據回擊加利老闆：產能沒有不足
 三立新聞網 Setn.com, 民調／宣布放寬美豬美牛進口…蔡英文最新滿意度曝光！
 新頭殼, 加利老闆嗆「以口罩國家隊為恥」王定宇怒揭：惡人的藉口..... | 政治
 台灣蘋果日報, 【黑心口罩】4點拆穿加利謊言！ 王定宇：賺不義之財還滿口仁義道德
 UDN 聯合新聞網, 加利高喊一切都為了員工 王定宇：額外分裝反而更累
 三立新聞網, 加利叫囂「快把我踢出國家隊」 律師斷言下場：自掘墳墓
 ETtoday 新聞雲, 列4關鍵打臉加利謊言！ 王定宇痛批：做盡壞事，還滿口仁義道德
 UDN 聯合新聞網, 陳菊：被害者正義很重要 但死刑犯生命也只有一次
 民視新聞網 Formosa TV News network, 生命只有一次! 陳菊邀看《我的兒子是死刑犯》－民視新聞
 自由時報電子報, 陳菊：生命只有一次 等待死亡是煎熬的過程
 三立新聞網 Setn.com, 觀賞《我的兒子是死刑犯》紀錄片…陳菊：人權之路漫長艱辛
 中央社即時新聞, 陳菊：生命只有一次 等待死亡是煎熬過程
 自由時報電子報, 國軍透氣戰鬥衫救災後竟要交還？ 陸軍：現已不用繳回
 ETtoday 新聞雲, 國軍透氣戰鬥衫用完要交還？ 陸軍駁斥：每人2件無須繳回
 自由時報電子報, 九三軍人節 金門古寧頭戰場驚見5枚未爆彈殘體
 ETtoday 新聞雲, 金門古寧頭岸際驚見5枚未爆彈！急拉封鎖線 殘體鏽蝕軍方處置中
 udn 聯合新聞網, 古寧頭岸際1次發現5枚未爆彈 金門岸巡趕往處理
 udn 聯合新聞網, 古寧頭岸際驚見未爆彈 殘體鏽蝕軍方銷毀
 新頭殼, 傳王金平率團參加海峽論壇國民黨出面說明| 政治
 Yahoo奇摩新聞, 陸委會明令 禁在台辦海峽論壇活動
 TVBS NEWS," 王金平赴海峽論壇陸委會""提醒""恐觸法"
 三立新聞網, 派出王金平9月赴中國參加「海峽論壇」 江啟臣回應了
 Yahoo奇摩, 王金平可去海峽論壇？ 吳敦義：蔡英文沒資格阻撓
 自由時報電子報, 賴清德答謝捷克參議長晚宴希望未來能持續強化兩國的合作與交流(總統府提供)
 新頭殼, 邀捷克再訪台賴清德：捷克是正義有勇氣的國際友人| 政治
 三立新聞網, 黑心口罩騙台灣！賴清德怒批加利「見利忘義」：絕不可寬貸
 自由時報電子報, 賴清德答謝捷克參議長晚宴 AIT處長出席
 中央社即時新聞, 捷克團設宴答謝 賴清德盼齊為國際民主努力
 Yahoo奇摩, 貝魯特大爆炸一個月後 搜救犬嗅到生命跡象「每分鐘呼吸19次」
 新唐人電視臺, 【9/4 直播】黎巴嫩大爆炸1個月廢墟中現生命跡象
 UDN 聯合新聞網, 「還有生還者」 貝魯特爆炸1個月 廢墟中疑測得兒童生命跡象
 Yahoo奇摩新聞, 貝魯特大爆炸一個月後 傳廢墟中發現生命跡象
 台視新聞 TTV NEWS, 偵測有生命跡象黎巴嫩爆炸滿月再度搜救
 新頭殼, 批中國承諾幾乎沒實現賀吉普：中國對捷克投資效益被高估| 政治
 三立新聞網, 不只是台灣人！布拉格市長自曝「驚人身分」：我是台北市民
 民視新聞網 Formosa TV News network, 有市民榮譽狀！布拉格市長:我是台北市民－民視新聞
 新頭殼, 參議長「我是台灣人」 賀吉普：我是台北市民而且是事實！ | 政治
 三立新聞網SETN, 柯文哲與布拉格市長賀吉普記者會｜三立新聞網SETN.com
 中央社即時新聞, 美台歐日重組供應鏈論壇 聲明確保安全不受政治脅迫
 自由時報電子報, 台美合辦「重組供應鏈」論壇 發表聯合聲明：確保供應鏈不受政治脅迫
 新頭殼, 酈英傑：台美經濟商業對話優先關注科技與醫療產品供應鏈| 政治
 香港蘋果日報, 【對沖人生】林鄭團隊的核級別攬炒- 錢志健
 UDN 聯合新聞網, 台美日歐鞏固供應鏈聯合聲明 確保供應鏈不受政治脅迫
 鉅亨網財經新聞, 道瓊暴跌800點！分析師：明斯基時刻 恐讓股市回測3月低點
 Yahoo奇摩, 美股道瓊指數大跌807點 科技股走勢淒慘
 經濟日報, 美股四大指數暴跌 台股早盤一度重挫近200點
 Anue鉅亨, 〈美股盤後〉VIX衝高！科技股引爆股災 道瓊暴跌逾 800 點
 Yahoo奇摩新聞, 明斯基時刻降臨？華爾街專家：股市恐回測3月低點
 風傳媒, 紅二代反習，「蔡霞們」的困獸之鬥
 UDN 聯合新聞網, 習近平反擊美國 提「5個絕不答應」
 Yahoo奇摩, 習5個不答應 陸美將打持久戰
 BBC News 中文, 抗日戰爭勝利75週年習近平王岐山等中共高層高調露面－ BBC News 中文
 中央社即時新聞, 後19大陷內外僵局 習近平藉民族情緒鞏固權威
 udn 轉角國際, 又見「諾維喬克」謀殺案！梅克爾證實：「普丁政敵」遭化學武器下毒
 TVBS NEWS, FOCUS／普欽政敵遭投毒確認蘇聯神經毒「諾維喬克」
 自由時報電子報, 普廷政敵被下毒 神經毒劑同俄諜案
 中華電視公司, 又傳「諾維喬克」謀殺案俄國否認| 華視新聞20200903
 UDN 聯合新聞網, 俄國反對派領袖中毒 克里姆林宮：指控毫無道理
 udn OOPS! 新鮮事, 女台商赴日工作不適 就醫症狀改善仍帶新冠肺炎返國
 自由時報電子報, 40多歲女赴日工作返台無症狀確診 同班機接觸者共11人
 台灣蘋果日報, 【武肺疫報】40多歲女赴日工作返台無症狀確診匡列11人
 三立新聞網, 台灣新增1例確診 指揮中心下午2時一併說明中國口罩風波
 民視新聞網 Formosa TV News network, 快新聞／新增1境外移入40多歲女日本返國確診－民視新聞
 UDN 聯合新聞網, 驚險影像曝光！梅莎襲韓河水暴漲 男向客車大喊「別過來」瞬間橋塌
 關鍵時刻, 梅莎颱風橫掃朝鮮半島！北韓電視24小時轉播災情南韓上街像玩命！？ 【關鍵時刻】20200903-6劉寶傑李正皓
 自由時報電子報, 南北韓連遭雙颱梅莎、海神登陸！ 氣象專家：路徑幾乎重疊
 台灣蘋果日報, 梅莎橫掃朝鮮半島南韓2死急撤2000人
 ETtoday 新聞雲, 颱風梅莎掃過北韓 官媒記者罕見「站在水裡」報導災情
 udn OOPS! 新鮮事, 鼓勵違法？川普籲北卡選民重複投票
 台視新聞 TTV NEWS, 帶頭違法?川普造勢竟呼籲選民重複投票
 Yahoo奇摩新聞, 帶頭鼓勵違法？川普質疑通訊投票不公要選民重複投票測試
 鉅亨網, 川普推文鼓勵投票兩次！遭推特貼警告標籤
 台視新聞 TTV NEWS, 美總統帶頭違法選舉川普竟呼籲投兩次票【重點新聞】-20200904
udn OOPS! 新鮮事, 世上只有媽媽好！但這樣的媽媽如何是好？
T客邦, RTX 3080 碾壓RTX 2080 Ti，4K 畫質《毀滅戰士：永恆》平均120 FPS
 電腦王阿達, RTX 3080 效能有多強悍？NVIDIA 用《毀滅戰士：永恆》遊戲來告訴你跟前代差距有多大
 XFastest HK, 留有一手? 外媒在LENOVO 網頁發現RTX 3070 SUPER 與Ti (16GB) 版本
 XFastest News, iPhone12採用全新磁吸無線充電，傳統市場恐將洗牌
 T客邦, iPhone12傳採全新磁吸無線充電、現有Qi標準不能用，無線充電市場將大洗牌
 三立新聞網 Setn.com, 獨／超有愛！低頭族踩空腳卡捷運月台 乘客全下車狂推車廂
 ETtoday 新聞雲, 「低頭族」腳卡捷運月台縫隙！乘客猛推車廂救援 北捷：這是SOP
 東森新聞 CH51, 低頭族腳卡月台間隙！ 乘客下車齊力「推車廂」
 三立新聞網SETN, 獨／低頭族踩空腳卡月台乘客全下車狂推車廂｜三立新聞台
 T客邦, 更新Windows 10 後竟會降低SSD 使用壽命！微軟表示：想辦法修復中
 XFastest News, Windows 10將採用新API：大幅提升遊戲性能縮短遊戲加載時間
 自由時報電子報, 台鐵新購EMU900型電聯車十月底入港 普悠瑪先試運送軌道
 三立新聞網 Setn.com, 甩親中黨內互槓！論述需中國同意？江啟臣怒飆中常委：閉嘴
 中華電視公司, 藍數位黨部上線民眾黨影片拉近距離| 華視新聞20200903
 新頭殼, 為兩岸論述跟中常委拍桌江啟臣：國民黨有該堅持的立場| 政治
 三立新聞網SETN, 「論述需中國同意」 江啟臣怒飆中常委嗆閉嘴！｜三立新聞台
 自由評論網, 自由開講》國民黨嘴巴在硬什麼？重演地方包圍中央的戲碼？ - 自由評論網
 民視新聞網 Formosa TV News network, 邰智源挑戰1日府憲兵總統:今天憲兵胖一點－民視新聞
 udn 噓！星聞, 「最美女憲兵」現身總統府！合體蔡英文鄉民暴動
 TVBS NEWS, 當憲兵被說胖總統再見邰智源:你變瘦了!
 三立新聞網, 最美女憲兵曝光！渾圓上圍撐繃制服 照片曝光引2萬人朝聖
 新頭殼, 邰智源「一日總統府憲兵」 蔡英文驚：今日憲兵胖一點| 政治
 電腦王阿達, Google 與DeepMind 合作，改良Google 地圖交通流量預測
 Yahoo奇摩新聞, Google解密怎麼使用 AI 預測車流量、決定最佳路線！
 ETtoday 新聞雲, Google地圖也可一鍵訂餐 「Google預訂」在台推出
 TVBS新聞, Google推新功能！ 地圖可一鍵「訂位、買門票」│TVBS新聞網
 立場新聞, 在Google 地圖街景裡尋找2019 抗爭足跡| 互動專頁| 立場新聞
 udn OOPS! 新鮮事, 加利老闆稱被政府騙簽約 經濟部秀白紙黑字合約打臉
 udn OOPS! 新鮮事, 網怨戴心酸？家裡口罩庫存好多「加利」 陸製字體差異曝光
 新頭殼, 加利月月買足半價原物料網轟：每月還倒賺3萬片| 社會
 udn OOPS! 新鮮事, 八里口罩國家隊混大陸製 業者喊：趕快把我踢出國家隊
 中時新聞網 Chinatimes.com, 傳台灣飛彈擊落共軍蘇愷35戰機墜毀？空軍駁斥
 台灣蘋果日報, 網傳台灣擊落解放軍蘇愷35墜機我國防部鄭重否認
 三立新聞網, 傳台灣擊落一架中共SU-35飛機？空軍：鄭重駁斥假訊息
 ETtoday 新聞雲, 快訊／網傳台灣擊落共機蘇愷35 空軍司令部：子虛烏有
 Yahoo奇摩新聞, 網傳台灣擊落SU-35？ 國防部駁斥：子虛烏有的假訊息
 中央社即時新聞, 加利進口中國製口罩偽MIT 海關3月攔截近7萬片
 udn OOPS! 新鮮事, 網怨戴心酸？家裡口罩庫存好多「加利」 陸製字體差異曝光
 三立新聞網, 身分曝光！加利吹哨者是新北女藥師 她2個月前就已聽說
 中央社即時新聞, 加利口罩中國製混入實名制 換貨民眾批打壞台灣信用
 udn OOPS! 新鮮事, 獨／加利吹哨者熱血女藥師曝「2個月前就聽說」 直呼「賊星該敗」
 新頭殼, 「一日憲兵」邰智源出社會了蔡英文笑：他變瘦了| 政治
 民視新聞網 Formosa TV News network, 邰智源挑戰1日府憲兵總統:今天憲兵胖一點－民視新聞
 udn 噓！星聞, 「最美女憲兵」現身總統府！合體蔡英文鄉民暴動
 三立新聞網, 最美女憲兵曝光！渾圓上圍撐繃制服 照片曝光引2萬人朝聖
 TVBS NEWS, 當憲兵被說胖總統再見邰智源:你變瘦了!
 自由時報電子報, 又新增一例境外移入！指揮中心下午2點緊急記者會說明
 udn OOPS! 新鮮事, 女台商赴日工作不適 就醫症狀改善仍帶新冠肺炎返國
 民視新聞網 Formosa TV News network, 快新聞／新增1境外移入40多歲女日本返國確診－民視新聞
 自由時報電子報, 40多歲女赴日工作返台無症狀確診 同班機接觸者共11人
 新頭殼, 武漢肺炎》新增1名境外移入！指揮中心下午2時說明| 社會
 三立新聞網 Setn.com, 日媒提問「台灣總統」！中國秒崩潰：台灣地區的一個領導人
 自由時報電子報, 日媒提問「台灣總統蔡英文」 華春瑩一聽秒崩潰
 Yahoo奇摩, 日媒提問稱蔡英文總統 華春瑩：她是中國台灣地區的一個領導人而已
 新頭殼, 華春瑩稱蔡英文非總統只是地區領導人網憂:華媽狂犬病又犯了| 政治
 自由時報電子報, 轟美國禁抖音是「搶劫！」 華春瑩跳腳反遭網酸爆「雙重標準」
 自由時報電子報, 加利稱有國家隊廠商不願被徵用口罩 陳其邁對放話不以為然
 民視新聞網 Formosa TV News network, 0904高雄市長陳其邁頒獎高雄三民二分局失蹤少女案破案｜民視快新聞｜
 中央社即時新聞, 口罩實名制傳高雄業者未按徵量繳交 高市：若違規將懲處
 中時新聞網 Chinatimes.com, 記者疑拿到陸製口罩 高市府澄清：非實名制配送
 自由時報電子報, 醫院及公共運輸工具不戴口罩 高雄市要罰了
 XFastest News, RTX 3080顯示卡為何只配10GB記憶體？NVIDIA：不想漲價
 經濟日報, 輝達新顯卡「加量不加價」 微星股價奔漲停
 UNWIRE.HK, 【懶人包】NVIDIA RTX 30系列懶人包最強卡王+ 新畫面技術
 三立新聞網 Setn.com, 真香！NVIDIA發表「3款」新GPU…懶人包統整給你
 經濟日報, 外資喊買微星 目標價上看180元
 UNWIRE.HK, ROG GeForce RTX 30系顯示卡登場 新款電競熒幕 + 鍵盤 + 滑鼠發佈
 科技新報 TechNews, 全用三星8 奈米，Nvidia RTX 30 系列顯卡隱憂在這
 三立新聞網 Setn.com, 獨／超有愛！低頭族踩空腳卡捷運月台 乘客全下車狂推車廂
 ePrice, 沒Google 地圖怎麼辦？華為找它做替代品
 三立新聞網, 最美女憲兵曝光！渾圓上圍撐繃制服 照片曝光引2萬人朝聖
 自由時報電子報, 「一日憲兵」被嫌胖 蔡英文指著邰智源「他變瘦了！」
 風傳媒, 「今天憲兵比較胖喔！」邰智源體驗一日憲兵獲好評 勤務、訓練一次看
 NOWnews, 邰哥挑戰「一日」總統府憲兵！蔡英文看傻眼：有點胖
 自由財經, 加利「簽白紙」胡說八道 經部秀合約：內容簽名都很清楚
 udn OOPS! 新鮮事, 加利老闆稱被政府騙簽約 經濟部秀白紙黑字合約打臉
 中天新聞CH52, 20200904中天新聞國家隊內幕？ 加利爆「大廠欺壓小廠」 經濟部駁斥
 自由財經, 加利魚目混珠還抹黑國家隊 經長譴責：做錯了還指責別人
 UDN 聯合新聞網, 加利混用陸製冒實名制口罩 王美花斥：害群之馬、還怪東怪西
 UDN 聯合新聞網, 陳菊：被害者正義很重要 但死刑犯生命也只有一次
 民視新聞網 Formosa TV News network, 生命只有一次! 陳菊邀看《我的兒子是死刑犯》－民視新聞
 自由時報電子報, 陳菊：生命只有一次 等待死亡是煎熬的過程
 三立新聞網 Setn.com, 觀賞《我的兒子是死刑犯》紀錄片…陳菊：人權之路漫長艱辛
 中央社即時新聞, 陳菊：生命只有一次 等待死亡是煎熬過程
 自由時報電子報, 國民黨：蔡政府連口罩都管不好能管好瘦肉精美豬？ - 政治
 UDN 聯合新聞網, 【重磅快評】陳時中的五四三與蔡政府應盡的把關責任
 華視新聞, 國民黨：口罩都管不好蔡政府能管好瘦肉精美豬？ - 華視新聞網
 自由時報電子報, 蔡政府將開放美豬美牛 洪秀柱：形同「四不一沒有」
 上報, 陳嘉宏專欄：蔡英文給了送分題國民黨還倒扣--上報
 自由時報電子報, 九三軍人節 金門古寧頭戰場驚見5枚未爆彈殘體
 ETtoday 新聞雲, 金門古寧頭岸際驚見5枚未爆彈！急拉封鎖線 殘體鏽蝕軍方處置中
 udn 聯合新聞網, 古寧頭岸際1次發現5枚未爆彈 金門岸巡趕往處理
 udn 聯合新聞網, 古寧頭岸際驚見未爆彈 殘體鏽蝕軍方銷毀
 中央社即時新聞, 加利進口中國製口罩偽MIT 海關3月攔截近7萬片
 udn OOPS! 新鮮事, 網怨戴心酸？家裡口罩庫存好多「加利」 陸製字體差異曝光
 三立新聞網, 身分曝光！加利吹哨者是新北女藥師 她2個月前就已聽說
 中央社即時新聞, 加利口罩中國製混入實名制 換貨民眾批打壞台灣信用
 udn OOPS! 新鮮事, 獨／加利吹哨者熱血女藥師曝「2個月前就聽說」 直呼「賊星該敗」
 中時新聞網 Chinatimes.com, 傳台灣飛彈擊落共軍蘇愷35戰機墜毀？空軍駁斥
 台灣蘋果日報, 網傳台灣擊落解放軍蘇愷35墜機我國防部鄭重否認
 三立新聞網, 傳台灣擊落一架中共SU-35飛機？空軍：鄭重駁斥假訊息
 中央社即時新聞, 網傳共機遭台灣擊落 空軍駁斥：假訊息
 ETtoday 新聞雲, 快訊／網傳台灣擊落共機蘇愷35 空軍司令部：子虛烏有
 udn OOPS! 新鮮事, 加利老闆稱被政府騙簽約 經濟部秀白紙黑字合約打臉
 中央社即時新聞, 加利口罩進口中國製品混入實名制 王美花重批老鼠屎
 自由財經, 加利魚目混珠還抹黑國家隊 經長譴責：做錯了還指責別人
 UDN 聯合新聞網, 加利混用陸製冒實名制口罩 王美花斥：害群之馬、還怪東怪西
 中時新聞網 Chinatimes.com, 以國家隊為恥？ 經濟部拿數據回擊加利老闆：產能沒有不足
 三立新聞網 Setn.com, 民調／宣布放寬美豬美牛進口…蔡英文最新滿意度曝光！
 新頭殼, 加利老闆嗆「以口罩國家隊為恥」王定宇怒揭：惡人的藉口..... | 政治
 台灣蘋果日報, 【黑心口罩】4點拆穿加利謊言！ 王定宇：賺不義之財還滿口仁義道德
 UDN 聯合新聞網, 加利高喊一切都為了員工 王定宇：額外分裝反而更累
 三立新聞網, 加利叫囂「快把我踢出國家隊」 律師斷言下場：自掘墳墓
 ETtoday 新聞雲, 列4關鍵打臉加利謊言！ 王定宇痛批：做盡壞事，還滿口仁義道德
 UDN 聯合新聞網, 陳菊：被害者正義很重要 但死刑犯生命也只有一次
 民視新聞網 Formosa TV News network, 生命只有一次! 陳菊邀看《我的兒子是死刑犯》－民視新聞
 自由時報電子報, 陳菊：生命只有一次 等待死亡是煎熬的過程
 三立新聞網 Setn.com, 觀賞《我的兒子是死刑犯》紀錄片…陳菊：人權之路漫長艱辛
 中央社即時新聞, 陳菊：生命只有一次 等待死亡是煎熬過程
 自由時報電子報, 國軍透氣戰鬥衫救災後竟要交還？ 陸軍：現已不用繳回
 ETtoday 新聞雲, 國軍透氣戰鬥衫用完要交還？ 陸軍駁斥：每人2件無須繳回
 自由時報電子報, 九三軍人節 金門古寧頭戰場驚見5枚未爆彈殘體
 ETtoday 新聞雲, 金門古寧頭岸際驚見5枚未爆彈！急拉封鎖線 殘體鏽蝕軍方處置中
 udn 聯合新聞網, 古寧頭岸際1次發現5枚未爆彈 金門岸巡趕往處理
 udn 聯合新聞網, 古寧頭岸際驚見未爆彈 殘體鏽蝕軍方銷毀
 新頭殼, 傳王金平率團參加海峽論壇國民黨出面說明| 政治
 Yahoo奇摩新聞, 陸委會明令 禁在台辦海峽論壇活動
 TVBS NEWS," 王金平赴海峽論壇陸委會""提醒""恐觸法"
 三立新聞網, 派出王金平9月赴中國參加「海峽論壇」 江啟臣回應了
 Yahoo奇摩, 王金平可去海峽論壇？ 吳敦義：蔡英文沒資格阻撓
 自由時報電子報, 賴清德答謝捷克參議長晚宴希望未來能持續強化兩國的合作與交流(總統府提供)
 新頭殼, 邀捷克再訪台賴清德：捷克是正義有勇氣的國際友人| 政治
 三立新聞網, 黑心口罩騙台灣！賴清德怒批加利「見利忘義」：絕不可寬貸
 自由時報電子報, 賴清德答謝捷克參議長晚宴 AIT處長出席
 中央社即時新聞, 捷克團設宴答謝 賴清德盼齊為國際民主努力
 Yahoo奇摩, 貝魯特大爆炸一個月後 搜救犬嗅到生命跡象「每分鐘呼吸19次」
 新唐人電視臺, 【9/4 直播】黎巴嫩大爆炸1個月廢墟中現生命跡象
 UDN 聯合新聞網, 「還有生還者」 貝魯特爆炸1個月 廢墟中疑測得兒童生命跡象
 Yahoo奇摩新聞, 貝魯特大爆炸一個月後 傳廢墟中發現生命跡象
 台視新聞 TTV NEWS, 偵測有生命跡象黎巴嫩爆炸滿月再度搜救
 新頭殼, 批中國承諾幾乎沒實現賀吉普：中國對捷克投資效益被高估| 政治
 三立新聞網, 不只是台灣人！布拉格市長自曝「驚人身分」：我是台北市民
 民視新聞網 Formosa TV News network, 有市民榮譽狀！布拉格市長:我是台北市民－民視新聞
 新頭殼, 參議長「我是台灣人」 賀吉普：我是台北市民而且是事實！ | 政治
 三立新聞網SETN, 柯文哲與布拉格市長賀吉普記者會｜三立新聞網SETN.com
 中央社即時新聞, 美台歐日重組供應鏈論壇 聲明確保安全不受政治脅迫
 自由時報電子報, 台美合辦「重組供應鏈」論壇 發表聯合聲明：確保供應鏈不受政治脅迫
 新頭殼, 酈英傑：台美經濟商業對話優先關注科技與醫療產品供應鏈| 政治
 香港蘋果日報, 【對沖人生】林鄭團隊的核級別攬炒- 錢志健
 UDN 聯合新聞網, 台美日歐鞏固供應鏈聯合聲明 確保供應鏈不受政治脅迫
 鉅亨網財經新聞, 道瓊暴跌800點！分析師：明斯基時刻 恐讓股市回測3月低點
 Yahoo奇摩, 美股道瓊指數大跌807點 科技股走勢淒慘
 經濟日報, 美股四大指數暴跌 台股早盤一度重挫近200點
 Anue鉅亨, 〈美股盤後〉VIX衝高！科技股引爆股災 道瓊暴跌逾 800 點
 Yahoo奇摩新聞, 明斯基時刻降臨？華爾街專家：股市恐回測3月低點
 風傳媒, 紅二代反習，「蔡霞們」的困獸之鬥
 UDN 聯合新聞網, 習近平反擊美國 提「5個絕不答應」
 Yahoo奇摩, 習5個不答應 陸美將打持久戰
 BBC News 中文, 抗日戰爭勝利75週年習近平王岐山等中共高層高調露面－ BBC News 中文
 中央社即時新聞, 後19大陷內外僵局 習近平藉民族情緒鞏固權威
udn 轉角國際, 又見「諾維喬克」謀殺案！梅克爾證實：「普丁政敵」遭化學武器下毒
 TVBS NEWS, FOCUS／普欽政敵遭投毒確認蘇聯神經毒「諾維喬克」
 自由時報電子報, 普廷政敵被下毒 神經毒劑同俄諜案
 中華電視公司, 又傳「諾維喬克」謀殺案俄國否認| 華視新聞20200903
 UDN 聯合新聞網, 俄國反對派領袖中毒 克里姆林宮：指控毫無道理
 udn OOPS! 新鮮事, 女台商赴日工作不適 就醫症狀改善仍帶新冠肺炎返國
 自由時報電子報, 40多歲女赴日工作返台無症狀確診 同班機接觸者共11人
 台灣蘋果日報, 【武肺疫報】40多歲女赴日工作返台無症狀確診匡列11人
 三立新聞網, 台灣新增1例確診 指揮中心下午2時一併說明中國口罩風波
 民視新聞網 Formosa TV News network, 快新聞／新增1境外移入40多歲女日本返國確診－民視新聞
 UDN 聯合新聞網, 驚險影像曝光！梅莎襲韓河水暴漲 男向客車大喊「別過來」瞬間橋塌
 關鍵時刻, 梅莎颱風橫掃朝鮮半島！北韓電視24小時轉播災情南韓上街像玩命！？ 【關鍵時刻】20200903-6劉寶傑李正皓
 自由時報電子報, 南北韓連遭雙颱梅莎、海神登陸！ 氣象專家：路徑幾乎重疊
 台灣蘋果日報, 梅莎橫掃朝鮮半島南韓2死急撤2000人
 ETtoday 新聞雲, 颱風梅莎掃過北韓 官媒記者罕見「站在水裡」報導災情
 udn OOPS! 新鮮事, 鼓勵違法？川普籲北卡選民重複投票
 台視新聞 TTV NEWS, 帶頭違法?川普造勢竟呼籲選民重複投票
 Yahoo奇摩新聞, 帶頭鼓勵違法？川普質疑通訊投票不公要選民重複投票測試
 鉅亨網, 川普推文鼓勵投票兩次！遭推特貼警告標籤
 台視新聞 TTV NEWS, 美總統帶頭違法選舉川普竟呼籲投兩次票【重點新聞】-20200904
 udn OOPS! 新鮮事, 世上只有媽媽好！但這樣的媽媽如何是好？
 新頭殼, 賞大稻埕煙火遠離人潮！北市府分享私房景點| 旅遊
 UDN 聯合新聞網, 台北新景點再添一處！「黎和生態公園」佔地5445坪，原生森林步道、頂點還可遠眺101
 WalkerLand窩客島, 北投美拍景點|三層崎公園|情人瀑布|龍鳳谷公園|婚紗外拍聖地|琉磺谷泡腳池步道|北投泡湯花海瀑布美食一日遊 TaipeiWalker．JapanWalker．WalkerLand
 udn 元氣網, 隱身都會！北市白石湖浪漫同心池 獨享自然山林風光
 新頭殼, 櫻花、鬱金香2月綻放迎春天！台北市3處免費賞花景點走透透| 旅遊
 WalkerLand窩客島, 雙北一日遊現在就出發！一次給你25個新北人、台北人都不一定知道的「療癒系打卡景點」，看山、看海、看夜景讓你來趟解憂之旅。 TaipeiWalker．JapanWalker．WalkerLand
 UDN 聯合新聞網, 在台北追花季！陽明山「10大秘境景點」不藏私 準備攻佔IG版面
 自由時報電子報, 「硫磺谷泡腳池2.0」新開放！週末順遊北投３大免費溫泉景點
 中時電子報 Chinatimes.com, 景點即時影像 北市27日上線
 WalkerLand窩客島, 台北森林系景點|虎山自然步道|最佳看101油桐花步道|夜晚螢火蟲閃亮登場|台北CP值超高的登山步道 TaipeiWalker．JapanWalker．WalkerLand
中時新聞網 Chinatimes.com, 傳台灣飛彈擊落共軍蘇愷35戰機墜毀？空軍駁斥
台灣蘋果日報, 網傳台灣擊落解放軍蘇愷35墜機我國防部鄭重否認
三立新聞網, 傳台灣擊落一架中共SU-35飛機？空軍：鄭重駁斥假訊息
ETtoday 新聞雲, 快訊／網傳台灣擊落共機蘇愷35 空軍司令部：子虛烏有
Yahoo奇摩新聞, 網傳台灣擊落SU-35？ 國防部駁斥：子虛烏有的假訊息
中央社即時新聞, 加利進口中國製口罩偽MIT 海關3月攔截近7萬片
udn OOPS! 新鮮事, 網怨戴心酸？家裡口罩庫存好多「加利」 陸製字體差異曝光
三立新聞網, 身分曝光！加利吹哨者是新北女藥師 她2個月前就已聽說
中央社即時新聞, 加利口罩中國製混入實名制 換貨民眾批打壞台灣信用
udn OOPS! 新鮮事, 獨／加利吹哨者熱血女藥師曝「2個月前就聽說」 直呼「賊星該敗」
新頭殼, 「一日憲兵」邰智源出社會了蔡英文笑：他變瘦了| 政治
民視新聞網 Formosa TV News network, 邰智源挑戰1日府憲兵總統:今天憲兵胖一點－民視新聞
udn 噓！星聞, 「最美女憲兵」現身總統府！合體蔡英文鄉民暴動
三立新聞網, 最美女憲兵曝光！渾圓上圍撐繃制服 照片曝光引2萬人朝聖
TVBS NEWS, 當憲兵被說胖總統再見邰智源:你變瘦了!
自由時報電子報, 又新增一例境外移入！指揮中心下午2點緊急記者會說明
udn OOPS! 新鮮事, 女台商赴日工作不適 就醫症狀改善仍帶新冠肺炎返國
民視新聞網 Formosa TV News network, 快新聞／新增1境外移入40多歲女日本返國確診－民視新聞
自由時報電子報, 40多歲女赴日工作返台無症狀確診 同班機接觸者共11人
新頭殼, 武漢肺炎》新增1名境外移入！指揮中心下午2時說明| 社會
三立新聞網 Setn.com, 日媒提問「台灣總統」！中國秒崩潰：台灣地區的一個領導人
自由時報電子報, 日媒提問「台灣總統蔡英文」 華春瑩一聽秒崩潰
Yahoo奇摩, 日媒提問稱蔡英文總統 華春瑩：她是中國台灣地區的一個領導人而已
新頭殼, 華春瑩稱蔡英文非總統只是地區領導人網憂:華媽狂犬病又犯了| 政治
自由時報電子報, 轟美國禁抖音是「搶劫！」 華春瑩跳腳反遭網酸爆「雙重標準」
自由時報電子報, 加利稱有國家隊廠商不願被徵用口罩 陳其邁對放話不以為然
民視新聞網 Formosa TV News network, 0904高雄市長陳其邁頒獎高雄三民二分局失蹤少女案破案｜民視快新聞｜
中央社即時新聞, 口罩實名制傳高雄業者未按徵量繳交 高市：若違規將懲處
中時新聞網 Chinatimes.com, 記者疑拿到陸製口罩 高市府澄清：非實名制配送
自由時報電子報, 醫院及公共運輸工具不戴口罩 高雄市要罰了
XFastest News, RTX 3080顯示卡為何只配10GB記憶體？NVIDIA：不想漲價
經濟日報, 輝達新顯卡「加量不加價」 微星股價奔漲停
UNWIRE.HK, 【懶人包】NVIDIA RTX 30系列懶人包最強卡王+ 新畫面技術
三立新聞網 Setn.com, 真香！NVIDIA發表「3款」新GPU…懶人包統整給你
經濟日報, 外資喊買微星 目標價上看180元
UNWIRE.HK, ROG GeForce RTX 30系顯示卡登場 新款電競熒幕 + 鍵盤 + 滑鼠發佈
科技新報 TechNews, 全用三星8 奈米，Nvidia RTX 30 系列顯卡隱憂在這
三立新聞網 Setn.com, 獨／超有愛！低頭族踩空腳卡捷運月台 乘客全下車狂推車廂
ePrice, 沒Google 地圖怎麼辦？華為找它做替代品
三立新聞網, 最美女憲兵曝光！渾圓上圍撐繃制服 照片曝光引2萬人朝聖
自由時報電子報, 「一日憲兵」被嫌胖 蔡英文指著邰智源「他變瘦了！」
風傳媒, 「今天憲兵比較胖喔！」邰智源體驗一日憲兵獲好評 勤務、訓練一次看
NOWnews, 邰哥挑戰「一日」總統府憲兵！蔡英文看傻眼：有點胖
自由財經, 加利「簽白紙」胡說八道 經部秀合約：內容簽名都很清楚
udn OOPS! 新鮮事, 加利老闆稱被政府騙簽約 經濟部秀白紙黑字合約打臉
中天新聞CH52, 20200904中天新聞國家隊內幕？ 加利爆「大廠欺壓小廠」 經濟部駁斥
自由財經, 加利魚目混珠還抹黑國家隊 經長譴責：做錯了還指責別人
UDN 聯合新聞網, 加利混用陸製冒實名制口罩 王美花斥：害群之馬、還怪東怪西
UDN 聯合新聞網, 陳菊：被害者正義很重要 但死刑犯生命也只有一次
民視新聞網 Formosa TV News network, 生命只有一次! 陳菊邀看《我的兒子是死刑犯》－民視新聞
自由時報電子報, 陳菊：生命只有一次 等待死亡是煎熬的過程
三立新聞網 Setn.com, 觀賞《我的兒子是死刑犯》紀錄片…陳菊：人權之路漫長艱辛
中央社即時新聞, 陳菊：生命只有一次 等待死亡是煎熬過程
自由時報電子報, 國民黨：蔡政府連口罩都管不好能管好瘦肉精美豬？ - 政治
UDN 聯合新聞網, 【重磅快評】陳時中的五四三與蔡政府應盡的把關責任
華視新聞, 國民黨：口罩都管不好蔡政府能管好瘦肉精美豬？ - 華視新聞網
自由時報電子報, 蔡政府將開放美豬美牛 洪秀柱：形同「四不一沒有」
上報, 陳嘉宏專欄：蔡英文給了送分題國民黨還倒扣--上報
自由時報電子報, 九三軍人節 金門古寧頭戰場驚見5枚未爆彈殘體
ETtoday 新聞雲, 金門古寧頭岸際驚見5枚未爆彈！急拉封鎖線 殘體鏽蝕軍方處置中
udn 聯合新聞網, 古寧頭岸際1次發現5枚未爆彈 金門岸巡趕往處理
udn 聯合新聞網, 古寧頭岸際驚見未爆彈 殘體鏽蝕軍方銷毀
中央社即時新聞, 加利進口中國製口罩偽MIT 海關3月攔截近7萬片
udn OOPS! 新鮮事, 網怨戴心酸？家裡口罩庫存好多「加利」 陸製字體差異曝光
三立新聞網, 身分曝光！加利吹哨者是新北女藥師 她2個月前就已聽說
中央社即時新聞, 加利口罩中國製混入實名制 換貨民眾批打壞台灣信用
udn OOPS! 新鮮事, 獨／加利吹哨者熱血女藥師曝「2個月前就聽說」 直呼「賊星該敗」
中時新聞網 Chinatimes.com, 傳台灣飛彈擊落共軍蘇愷35戰機墜毀？空軍駁斥
台灣蘋果日報, 網傳台灣擊落解放軍蘇愷35墜機我國防部鄭重否認
三立新聞網, 傳台灣擊落一架中共SU-35飛機？空軍：鄭重駁斥假訊息
中央社即時新聞, 網傳共機遭台灣擊落 空軍駁斥：假訊息
ETtoday 新聞雲, 快訊／網傳台灣擊落共機蘇愷35 空軍司令部：子虛烏有
udn OOPS! 新鮮事, 加利老闆稱被政府騙簽約 經濟部秀白紙黑字合約打臉
中央社即時新聞, 加利口罩進口中國製品混入實名制 王美花重批老鼠屎
自由財經, 加利魚目混珠還抹黑國家隊 經長譴責：做錯了還指責別人
UDN 聯合新聞網, 加利混用陸製冒實名制口罩 王美花斥：害群之馬、還怪東怪西
中時新聞網 Chinatimes.com, 以國家隊為恥？ 經濟部拿數據回擊加利老闆：產能沒有不足
三立新聞網 Setn.com, 民調／宣布放寬美豬美牛進口…蔡英文最新滿意度曝光！
新頭殼, 加利老闆嗆「以口罩國家隊為恥」王定宇怒揭：惡人的藉口..... | 政治
台灣蘋果日報, 【黑心口罩】4點拆穿加利謊言！ 王定宇：賺不義之財還滿口仁義道德
UDN 聯合新聞網, 加利高喊一切都為了員工 王定宇：額外分裝反而更累
三立新聞網, 加利叫囂「快把我踢出國家隊」 律師斷言下場：自掘墳墓
ETtoday 新聞雲, 列4關鍵打臉加利謊言！ 王定宇痛批：做盡壞事，還滿口仁義道德
UDN 聯合新聞網, 陳菊：被害者正義很重要 但死刑犯生命也只有一次
民視新聞網 Formosa TV News network, 生命只有一次! 陳菊邀看《我的兒子是死刑犯》－民視新聞
自由時報電子報, 陳菊：生命只有一次 等待死亡是煎熬的過程
三立新聞網 Setn.com, 觀賞《我的兒子是死刑犯》紀錄片…陳菊：人權之路漫長艱辛
中央社即時新聞, 陳菊：生命只有一次 等待死亡是煎熬過程
自由時報電子報, 國軍透氣戰鬥衫救災後竟要交還？ 陸軍：現已不用繳回
ETtoday 新聞雲, 國軍透氣戰鬥衫用完要交還？ 陸軍駁斥：每人2件無須繳回
自由時報電子報, 九三軍人節 金門古寧頭戰場驚見5枚未爆彈殘體
ETtoday 新聞雲, 金門古寧頭岸際驚見5枚未爆彈！急拉封鎖線 殘體鏽蝕軍方處置中
udn 聯合新聞網, 古寧頭岸際1次發現5枚未爆彈 金門岸巡趕往處理
udn 聯合新聞網, 古寧頭岸際驚見未爆彈 殘體鏽蝕軍方銷毀
新頭殼, 傳王金平率團參加海峽論壇國民黨出面說明| 政治
Yahoo奇摩新聞, 陸委會明令 禁在台辦海峽論壇活動
TVBS NEWS," 王金平赴海峽論壇陸委會""提醒""恐觸法"
三立新聞網, 派出王金平9月赴中國參加「海峽論壇」 江啟臣回應了
Yahoo奇摩, 王金平可去海峽論壇？ 吳敦義：蔡英文沒資格阻撓
自由時報電子報, 賴清德答謝捷克參議長晚宴希望未來能持續強化兩國的合作與交流(總統府提供)
新頭殼, 邀捷克再訪台賴清德：捷克是正義有勇氣的國際友人| 政治
三立新聞網, 黑心口罩騙台灣！賴清德怒批加利「見利忘義」：絕不可寬貸
自由時報電子報, 賴清德答謝捷克參議長晚宴 AIT處長出席
中央社即時新聞, 捷克團設宴答謝 賴清德盼齊為國際民主努力
Yahoo奇摩, 貝魯特大爆炸一個月後 搜救犬嗅到生命跡象「每分鐘呼吸19次」
新唐人電視臺, 【9/4 直播】黎巴嫩大爆炸1個月廢墟中現生命跡象
UDN 聯合新聞網, 「還有生還者」 貝魯特爆炸1個月 廢墟中疑測得兒童生命跡象
Yahoo奇摩新聞, 貝魯特大爆炸一個月後 傳廢墟中發現生命跡象
台視新聞 TTV NEWS, 偵測有生命跡象黎巴嫩爆炸滿月再度搜救
新頭殼, 批中國承諾幾乎沒實現賀吉普：中國對捷克投資效益被高估| 政治
三立新聞網, 不只是台灣人！布拉格市長自曝「驚人身分」：我是台北市民
民視新聞網 Formosa TV News network, 有市民榮譽狀！布拉格市長:我是台北市民－民視新聞
新頭殼, 參議長「我是台灣人」 賀吉普：我是台北市民而且是事實！ | 政治
三立新聞網SETN, 柯文哲與布拉格市長賀吉普記者會｜三立新聞網SETN.com
中央社即時新聞, 美台歐日重組供應鏈論壇 聲明確保安全不受政治脅迫
自由時報電子報, 台美合辦「重組供應鏈」論壇 發表聯合聲明：確保供應鏈不受政治脅迫
新頭殼, 酈英傑：台美經濟商業對話優先關注科技與醫療產品供應鏈| 政治
香港蘋果日報, 【對沖人生】林鄭團隊的核級別攬炒- 錢志健
UDN 聯合新聞網, 台美日歐鞏固供應鏈聯合聲明 確保供應鏈不受政治脅迫
鉅亨網財經新聞, 道瓊暴跌800點！分析師：明斯基時刻 恐讓股市回測3月低點
Yahoo奇摩, 美股道瓊指數大跌807點 科技股走勢淒慘
經濟日報, 美股四大指數暴跌 台股早盤一度重挫近200點
Anue鉅亨, 〈美股盤後〉VIX衝高！科技股引爆股災 道瓊暴跌逾 800 點
Yahoo奇摩新聞, 明斯基時刻降臨？華爾街專家：股市恐回測3月低點
風傳媒, 紅二代反習，「蔡霞們」的困獸之鬥
UDN 聯合新聞網, 習近平反擊美國 提「5個絕不答應」
Yahoo奇摩, 習5個不答應 陸美將打持久戰
BBC News 中文, 抗日戰爭勝利75週年習近平王岐山等中共高層高調露面－ BBC News 中文
中央社即時新聞, 後19大陷內外僵局 習近平藉民族情緒鞏固權威
udn 轉角國際, 又見「諾維喬克」謀殺案！梅克爾證實：「普丁政敵」遭化學武器下毒
TVBS NEWS, FOCUS／普欽政敵遭投毒確認蘇聯神經毒「諾維喬克」
自由時報電子報, 普廷政敵被下毒 神經毒劑同俄諜案
中華電視公司, 又傳「諾維喬克」謀殺案俄國否認| 華視新聞20200903
UDN 聯合新聞網, 俄國反對派領袖中毒 克里姆林宮：指控毫無道理
udn OOPS! 新鮮事, 女台商赴日工作不適 就醫症狀改善仍帶新冠肺炎返國
自由時報電子報, 40多歲女赴日工作返台無症狀確診 同班機接觸者共11人
台灣蘋果日報, 【武肺疫報】40多歲女赴日工作返台無症狀確診匡列11人
三立新聞網, 台灣新增1例確診 指揮中心下午2時一併說明中國口罩風波
民視新聞網 Formosa TV News network, 快新聞／新增1境外移入40多歲女日本返國確診－民視新聞
UDN 聯合新聞網, 驚險影像曝光！梅莎襲韓河水暴漲 男向客車大喊「別過來」瞬間橋塌
關鍵時刻, 梅莎颱風橫掃朝鮮半島！北韓電視24小時轉播災情南韓上街像玩命！？ 【關鍵時刻】20200903-6劉寶傑李正皓
自由時報電子報, 南北韓連遭雙颱梅莎、海神登陸！ 氣象專家：路徑幾乎重疊
台灣蘋果日報, 梅莎橫掃朝鮮半島南韓2死急撤2000人
ETtoday 新聞雲, 颱風梅莎掃過北韓 官媒記者罕見「站在水裡」報導災情
udn OOPS! 新鮮事, 鼓勵違法？川普籲北卡選民重複投票
台視新聞 TTV NEWS, 帶頭違法?川普造勢竟呼籲選民重複投票
Yahoo奇摩新聞, 帶頭鼓勵違法？川普質疑通訊投票不公要選民重複投票測試
鉅亨網, 川普推文鼓勵投票兩次！遭推特貼警告標籤
台視新聞 TTV NEWS, 美總統帶頭違法選舉川普竟呼籲投兩次票【重點新聞】-20200904
udn OOPS! 新鮮事, 世上只有媽媽好！但這樣的媽媽如何是好？
新頭殼, 賞大稻埕煙火遠離人潮！北市府分享私房景點| 旅遊
UDN 聯合新聞網, 台北新景點再添一處！「黎和生態公園」佔地5445坪，原生森林步道、頂點還可遠眺101
WalkerLand窩客島, 北投美拍景點|三層崎公園|情人瀑布|龍鳳谷公園|婚紗外拍聖地|琉磺谷泡腳池步道|北投泡湯花海瀑布美食一日遊 TaipeiWalker．JapanWalker．WalkerLand
udn 元氣網, 隱身都會！北市白石湖浪漫同心池 獨享自然山林風光
新頭殼, 櫻花、鬱金香2月綻放迎春天！台北市3處免費賞花景點走透透| 旅遊
WalkerLand窩客島, 雙北一日遊現在就出發！一次給你25個新北人、台北人都不一定知道的「療癒系打卡景點」，看山、看海、看夜景讓你來趟解憂之旅。 TaipeiWalker．JapanWalker．WalkerLand
UDN 聯合新聞網, 在台北追花季！陽明山「10大秘境景點」不藏私 準備攻佔IG版面
自由時報電子報, 「硫磺谷泡腳池2.0」新開放！週末順遊北投３大免費溫泉景點
中時電子報 Chinatimes.com, 景點即時影像 北市27日上線
WalkerLand窩客島, 台北森林系景點|虎山自然步道|最佳看101油桐花步道|夜晚螢火蟲閃亮登場|台北CP值超高的登山步道 TaipeiWalker．JapanWalker．WalkerLand
自由財經, 特斯拉董事出脫股票大賺近1.5億 隨後股價3連跌
自由財經, 中國科大訊飛被美制裁 政府補貼竟比公司淨利高出近一半
三立新聞網, Taycan電動車賣太好 保時捷向奧迪借員工幫忙
Yahoo奇摩汽車, 賣到來不及做！保時捷借調數百名奧迪員工，增援生產 Taycan 電動跑車
UNWIRE.HK, Porsche 電動車 Taycan 熱賣 向同系 Audi 借用 400 工人趕工
Anue鉅亨, 星展：美股大跌是健康的修正 建議維持科技股投資
自由財經, 美股大跌投資人恐變心 專家：可能再跌10％
台灣蘋果日報, 【全球股市不斷更新】道瓊期指由黑翻紅歐股早盤上揚
Anue鉅亨, 〈美股盤後〉VIX衝高！科技股引爆股災 道瓊暴跌逾 800 點
Yahoo奇摩, 台股一度大跌近200點 力守12600點關卡
鏡週刊, 【零股投資術2】買零股經常槓龜？ 這樣出價就對了
Yahoo奇摩股市, 【零股投資術5】圖解：盤中零股交易上路 3分鐘搞懂新制
EBC東森財經新聞, 買零股經常槓龜？ 這樣出價就對了
鏡週刊, 【零股投資術1】小資族福音！不用再等2點半撮合 盤中零股交易將上路
ETtoday 新聞雲, 小資族買「零股」！他月投資1萬買進3檔...3招讓錢滾大
Yahoo奇摩新聞, 紅色供應鏈崛起 童子賢：產業趨勢大過顏色選擇
中華電視公司, 紅色供應鏈崛起?童子賢:關鍵產業趨勢| 華視新聞20200904
自由財經, 童子賢：台企實力勝任何FTA 供應鏈不分顏色
鉅亨網, 紅色供應鏈崛起 童子賢：產業趨勢大於顏色
Yahoo奇摩理財, 科技是國際合作！ 童子賢：供應鏈不分紅色、綠色| 股市
Anue鉅亨, 信邦8月營收連5個月創新高 前8月營收同寫新猷
經濟日報, 新普增8% 同期最佳
工商時報, 去美化助攻宏捷科8月營收靚
Anue鉅亨, 聚陽8月營收跳增至31億元 寫11個月來最佳
經濟日報, 信邦連五月締新猷
VM11163:15 Anue鉅亨, 〈貴金屬盤後〉美股崩跌 市場趕忙變現 黃金挫至一週低點
Anue鉅亨, 〈能源盤後〉數據多空交錯 需求前景令人憂心 Brent挫至7月底以來低點
經濟日報, 台股收跌120.02點 三大法人賣超237.54億元
工商時報, 外資瘋狂掃貨11萬張買的竟然不是台積電
Anue鉅亨, 美股跳水台積電ADR挫逾4% 台指期夜盤一度暴跌250點
經濟日報, 三大法人賣超台股237.54億元
中央社即時新聞, 台股站上12800點大關 蘋概三王走揚
中央社即時新聞, 加利進口中國製口罩偽MIT 海關3月攔截近7萬片
 udn OOPS! 新鮮事, 網怨戴心酸？家裡口罩庫存好多「加利」 陸製字體差異曝光
 三立新聞網, 身分曝光！加利吹哨者是新北女藥師 她2個月前就已聽說
 中央社即時新聞, 加利口罩中國製混入實名制 換貨民眾批打壞台灣信用
 udn OOPS! 新鮮事, 獨／加利吹哨者熱血女藥師曝「2個月前就聽說」 直呼「賊星該敗」
 中時新聞網 Chinatimes.com, 傳台灣飛彈擊落共軍蘇愷35戰機墜毀？空軍駁斥
 台灣蘋果日報, 網傳台灣擊落解放軍蘇愷35墜機我國防部鄭重否認
 三立新聞網, 傳台灣擊落一架中共SU-35飛機？空軍：鄭重駁斥假訊息
 中央社即時新聞, 網傳共機遭台灣擊落 空軍駁斥：假訊息
 ETtoday 新聞雲, 快訊／網傳台灣擊落共機蘇愷35 空軍司令部：子虛烏有
 udn OOPS! 新鮮事, 加利老闆稱被政府騙簽約 經濟部秀白紙黑字合約打臉
 中央社即時新聞, 加利口罩進口中國製品混入實名制 王美花重批老鼠屎
 自由財經, 加利魚目混珠還抹黑國家隊 經長譴責：做錯了還指責別人
 UDN 聯合新聞網, 加利混用陸製冒實名制口罩 王美花斥：害群之馬、還怪東怪西
 中時新聞網 Chinatimes.com, 以國家隊為恥？ 經濟部拿數據回擊加利老闆：產能沒有不足
 三立新聞網 Setn.com, 民調／宣布放寬美豬美牛進口…蔡英文最新滿意度曝光！
 新頭殼, 加利老闆嗆「以口罩國家隊為恥」王定宇怒揭：惡人的藉口..... | 政治
 台灣蘋果日報, 【黑心口罩】4點拆穿加利謊言！ 王定宇：賺不義之財還滿口仁義道德
 UDN 聯合新聞網, 加利高喊一切都為了員工 王定宇：額外分裝反而更累
 三立新聞網, 加利叫囂「快把我踢出國家隊」 律師斷言下場：自掘墳墓
 ETtoday 新聞雲, 列4關鍵打臉加利謊言！ 王定宇痛批：做盡壞事，還滿口仁義道德
 UDN 聯合新聞網, 陳菊：被害者正義很重要 但死刑犯生命也只有一次
 民視新聞網 Formosa TV News network, 生命只有一次! 陳菊邀看《我的兒子是死刑犯》－民視新聞
 自由時報電子報, 陳菊：生命只有一次 等待死亡是煎熬的過程
 三立新聞網 Setn.com, 觀賞《我的兒子是死刑犯》紀錄片…陳菊：人權之路漫長艱辛
 中央社即時新聞, 陳菊：生命只有一次 等待死亡是煎熬過程
 自由時報電子報, 國軍透氣戰鬥衫救災後竟要交還？ 陸軍：現已不用繳回
 ETtoday 新聞雲, 國軍透氣戰鬥衫用完要交還？ 陸軍駁斥：每人2件無須繳回
 自由時報電子報, 九三軍人節 金門古寧頭戰場驚見5枚未爆彈殘體
 ETtoday 新聞雲, 金門古寧頭岸際驚見5枚未爆彈！急拉封鎖線 殘體鏽蝕軍方處置中
 udn 聯合新聞網, 古寧頭岸際1次發現5枚未爆彈 金門岸巡趕往處理
 udn 聯合新聞網, 古寧頭岸際驚見未爆彈 殘體鏽蝕軍方銷毀
 新頭殼, 傳王金平率團參加海峽論壇國民黨出面說明| 政治
 Yahoo奇摩新聞, 陸委會明令 禁在台辦海峽論壇活動
 TVBS NEWS," 王金平赴海峽論壇陸委會""提醒""恐觸法"
 三立新聞網, 派出王金平9月赴中國參加「海峽論壇」 江啟臣回應了
 Yahoo奇摩, 王金平可去海峽論壇？ 吳敦義：蔡英文沒資格阻撓
 自由時報電子報, 賴清德答謝捷克參議長晚宴希望未來能持續強化兩國的合作與交流(總統府提供)
 新頭殼, 邀捷克再訪台賴清德：捷克是正義有勇氣的國際友人| 政治
 三立新聞網, 黑心口罩騙台灣！賴清德怒批加利「見利忘義」：絕不可寬貸
 自由時報電子報, 賴清德答謝捷克參議長晚宴 AIT處長出席
 中央社即時新聞, 捷克團設宴答謝 賴清德盼齊為國際民主努力
 Yahoo奇摩, 貝魯特大爆炸一個月後 搜救犬嗅到生命跡象「每分鐘呼吸19次」
 新唐人電視臺, 【9/4 直播】黎巴嫩大爆炸1個月廢墟中現生命跡象
 UDN 聯合新聞網, 「還有生還者」 貝魯特爆炸1個月 廢墟中疑測得兒童生命跡象
 Yahoo奇摩新聞, 貝魯特大爆炸一個月後 傳廢墟中發現生命跡象
 台視新聞 TTV NEWS, 偵測有生命跡象黎巴嫩爆炸滿月再度搜救
 新頭殼, 批中國承諾幾乎沒實現賀吉普：中國對捷克投資效益被高估| 政治
 三立新聞網, 不只是台灣人！布拉格市長自曝「驚人身分」：我是台北市民
 民視新聞網 Formosa TV News network, 有市民榮譽狀！布拉格市長:我是台北市民－民視新聞
 新頭殼, 參議長「我是台灣人」 賀吉普：我是台北市民而且是事實！ | 政治
 三立新聞網SETN, 柯文哲與布拉格市長賀吉普記者會｜三立新聞網SETN.com
 中央社即時新聞, 美台歐日重組供應鏈論壇 聲明確保安全不受政治脅迫
 自由時報電子報, 台美合辦「重組供應鏈」論壇 發表聯合聲明：確保供應鏈不受政治脅迫
 新頭殼, 酈英傑：台美經濟商業對話優先關注科技與醫療產品供應鏈| 政治
 香港蘋果日報, 【對沖人生】林鄭團隊的核級別攬炒- 錢志健
 UDN 聯合新聞網, 台美日歐鞏固供應鏈聯合聲明 確保供應鏈不受政治脅迫
 鉅亨網財經新聞, 道瓊暴跌800點！分析師：明斯基時刻 恐讓股市回測3月低點
 Yahoo奇摩, 美股道瓊指數大跌807點 科技股走勢淒慘
 經濟日報, 美股四大指數暴跌 台股早盤一度重挫近200點
 Anue鉅亨, 〈美股盤後〉VIX衝高！科技股引爆股災 道瓊暴跌逾 800 點
 Yahoo奇摩新聞, 明斯基時刻降臨？華爾街專家：股市恐回測3月低點
 風傳媒, 紅二代反習，「蔡霞們」的困獸之鬥
 UDN 聯合新聞網, 習近平反擊美國 提「5個絕不答應」
 Yahoo奇摩, 習5個不答應 陸美將打持久戰
 BBC News 中文, 抗日戰爭勝利75週年習近平王岐山等中共高層高調露面－ BBC News 中文
 中央社即時新聞, 後19大陷內外僵局 習近平藉民族情緒鞏固權威
 udn 轉角國際, 又見「諾維喬克」謀殺案！梅克爾證實：「普丁政敵」遭化學武器下毒
 TVBS NEWS, FOCUS／普欽政敵遭投毒確認蘇聯神經毒「諾維喬克」
 自由時報電子報, 普廷政敵被下毒 神經毒劑同俄諜案
 中華電視公司, 又傳「諾維喬克」謀殺案俄國否認| 華視新聞20200903
 UDN 聯合新聞網, 俄國反對派領袖中毒 克里姆林宮：指控毫無道理
 udn OOPS! 新鮮事, 女台商赴日工作不適 就醫症狀改善仍帶新冠肺炎返國
 自由時報電子報, 40多歲女赴日工作返台無症狀確診 同班機接觸者共11人
 台灣蘋果日報, 【武肺疫報】40多歲女赴日工作返台無症狀確診匡列11人
 三立新聞網, 台灣新增1例確診 指揮中心下午2時一併說明中國口罩風波
 民視新聞網 Formosa TV News network, 快新聞／新增1境外移入40多歲女日本返國確診－民視新聞
 UDN 聯合新聞網, 驚險影像曝光！梅莎襲韓河水暴漲 男向客車大喊「別過來」瞬間橋塌
 關鍵時刻, 梅莎颱風橫掃朝鮮半島！北韓電視24小時轉播災情南韓上街像玩命！？ 【關鍵時刻】20200903-6劉寶傑李正皓
 自由時報電子報, 南北韓連遭雙颱梅莎、海神登陸！ 氣象專家：路徑幾乎重疊
 台灣蘋果日報, 梅莎橫掃朝鮮半島南韓2死急撤2000人
 ETtoday 新聞雲, 颱風梅莎掃過北韓 官媒記者罕見「站在水裡」報導災情
 udn OOPS! 新鮮事, 鼓勵違法？川普籲北卡選民重複投票
 台視新聞 TTV NEWS, 帶頭違法?川普造勢竟呼籲選民重複投票
 Yahoo奇摩新聞, 帶頭鼓勵違法？川普質疑通訊投票不公要選民重複投票測試
 鉅亨網, 川普推文鼓勵投票兩次！遭推特貼警告標籤
 台視新聞 TTV NEWS, 美總統帶頭違法選舉川普竟呼籲投兩次票【重點新聞】-20200904
 udn OOPS! 新鮮事, 世上只有媽媽好！但這樣的媽媽如何是好？
 新頭殼, 賞大稻埕煙火遠離人潮！北市府分享私房景點| 旅遊
 UDN 聯合新聞網, 台北新景點再添一處！「黎和生態公園」佔地5445坪，原生森林步道、頂點還可遠眺101
 WalkerLand窩客島, 北投美拍景點|三層崎公園|情人瀑布|龍鳳谷公園|婚紗外拍聖地|琉磺谷泡腳池步道|北投泡湯花海瀑布美食一日遊 TaipeiWalker．JapanWalker．WalkerLand
 udn 元氣網, 隱身都會！北市白石湖浪漫同心池 獨享自然山林風光
 新頭殼, 櫻花、鬱金香2月綻放迎春天！台北市3處免費賞花景點走透透| 旅遊
 WalkerLand窩客島, 雙北一日遊現在就出發！一次給你25個新北人、台北人都不一定知道的「療癒系打卡景點」，看山、看海、看夜景讓你來趟解憂之旅。 TaipeiWalker．JapanWalker．WalkerLand
 UDN 聯合新聞網, 在台北追花季！陽明山「10大秘境景點」不藏私 準備攻佔IG版面
 自由時報電子報, 「硫磺谷泡腳池2.0」新開放！週末順遊北投３大免費溫泉景點
 中時電子報 Chinatimes.com, 景點即時影像 北市27日上線
 WalkerLand窩客島, 台北森林系景點|虎山自然步道|最佳看101油桐花步道|夜晚螢火蟲閃亮登場|台北CP值超高的登山步道 TaipeiWalker．JapanWalker．WalkerLand
 自由財經, 特斯拉董事出脫股票大賺近1.5億 隨後股價3連跌
 自由財經, 中國科大訊飛被美制裁 政府補貼竟比公司淨利高出近一半
 三立新聞網, Taycan電動車賣太好 保時捷向奧迪借員工幫忙
 Yahoo奇摩汽車, 賣到來不及做！保時捷借調數百名奧迪員工，增援生產 Taycan 電動跑車
 UNWIRE.HK, Porsche 電動車 Taycan 熱賣 向同系 Audi 借用 400 工人趕工
 Anue鉅亨, 星展：美股大跌是健康的修正 建議維持科技股投資
 自由財經, 美股大跌投資人恐變心 專家：可能再跌10％
 台灣蘋果日報, 【全球股市不斷更新】道瓊期指由黑翻紅歐股早盤上揚
 Anue鉅亨, 〈美股盤後〉VIX衝高！科技股引爆股災 道瓊暴跌逾 800 點
 Yahoo奇摩, 台股一度大跌近200點 力守12600點關卡
 鏡週刊, 【零股投資術2】買零股經常槓龜？ 這樣出價就對了
 Yahoo奇摩股市, 【零股投資術5】圖解：盤中零股交易上路 3分鐘搞懂新制
 EBC東森財經新聞, 買零股經常槓龜？ 這樣出價就對了
 鏡週刊, 【零股投資術1】小資族福音！不用再等2點半撮合 盤中零股交易將上路
 ETtoday 新聞雲, 小資族買「零股」！他月投資1萬買進3檔...3招讓錢滾大
 Yahoo奇摩新聞, 紅色供應鏈崛起 童子賢：產業趨勢大過顏色選擇
 中華電視公司, 紅色供應鏈崛起?童子賢:關鍵產業趨勢| 華視新聞20200904
 自由財經, 童子賢：台企實力勝任何FTA 供應鏈不分顏色
 鉅亨網, 紅色供應鏈崛起 童子賢：產業趨勢大於顏色
 Yahoo奇摩理財, 科技是國際合作！ 童子賢：供應鏈不分紅色、綠色| 股市
 Anue鉅亨, 信邦8月營收連5個月創新高 前8月營收同寫新猷
 經濟日報, 新普增8% 同期最佳
 工商時報, 去美化助攻宏捷科8月營收靚
 Anue鉅亨, 聚陽8月營收跳增至31億元 寫11個月來最佳
 經濟日報, 信邦連五月締新猷
 Anue鉅亨, 〈貴金屬盤後〉美股崩跌 市場趕忙變現 黃金挫至一週低點
 Anue鉅亨, 〈能源盤後〉數據多空交錯 需求前景令人憂心 Brent挫至7月底以來低點
 經濟日報, 台股收跌120.02點 三大法人賣超237.54億元
 工商時報, 外資瘋狂掃貨11萬張買的竟然不是台積電
 Anue鉅亨, 美股跳水台積電ADR挫逾4% 台指期夜盤一度暴跌250點
 經濟日報, 三大法人賣超台股237.54億元
 中央社即時新聞, 台股站上12800點大關 蘋概三王走揚
 三立新聞網, 科技股遭拋售！美股收盤重挫 道瓊狂洩逾807點
 Yahoo奇摩股市, 《半導體》敦泰減資約29.9% 新股10月26日上市
 中時新聞網, 9月大瘦身 14檔減資股登場
 工商時報, 9月大瘦身14檔減資股登場
 Yahoo奇摩股市, 《研究報告》新興市場債明顯彈升 後市可期
 經濟日報, 目標到期基金 變動市場優質選項
 工商時報, 新興市場債明顯彈升後市可期
 鉅亨網財經新聞, 豪展8月營收3.16億元 年增逾2倍 連3個月寫新高
 經濟日報, 新興債中長線買點到
 Yahoo奇摩股市, 《研究報告》生醫短期有雜音 中長多不變
 科技新報 TechNews, 聯發科5G 旗艦晶片傳捷報，LG 智慧手機採用銷美國
 自由財經, 殺進美國5G手機市場！聯發科天璣1000C晶片亮相
 Anue鉅亨, 〈聯發科新晶片亮相〉5G旗艦晶片天璣1000C獲LG採用 將攻美國市場
 ePrice, 對應不同5G 連網頻段，聯發科針對美國市場打造天璣1000C 處理器
 台灣蘋果日報, 傳遭中國挖角聯發科高管換人
 Anue鉅亨, 分析師：油價預計走高 唯一的理由就是美元還會疲軟
 Engadget 中文版, 快閃優惠最後一天，嚴選五款大熱真・無線耳機
 Yahoo奇摩新聞, 驚呆！為什麼不應該戴萬魔抗噪耳機？
 T客邦, Sennheiser亮相中價位CX 400BT真無線耳機，搭載藍牙5.1、續航7小時
 ePrice, OPPO 印度發表F17 系列中階手機與Enco W51 真無線藍牙耳機
 Engadget 中文版, JBL Club Pro+ 是一款售價 US$200 的主動降噪真無線耳機
 瘋先生, iOS 14 beta 7 新功能瀏覽，快速瞭解改進了哪些
 Anue鉅亨, 臉書槓上後 蘋果推遲 iOS 14 限制追蹤用戶功能
 ETtoday 新聞雲, AirTags 將與第一波 iPhone 12 共同亮相！ 可望於10月發布
 點子科技, 蘋果新廣告開嗆：智慧型手機超不安全，除了iPhone
 Engadget 中文版, iOS 14 的反廣告追蹤功能要推遲到 2021 年了
 Anue鉅亨, 恐慌情緒蔓延 富邦VIX爆量逾50萬張 挑戰前波大量
 ePrice, Qualcomm 更新第二版Snapdragon 8cx 處理器，宏碁、HP 將率先應用
 自由時報電子報, 5G 手機定價要跌破5 千了？高通將推「超入門」5G 處理器- 自由電子報3C科技
 Engadget 中文版, 高通的 Snapdragon 8cx Gen 2 PC 處理器將帶來更強力的 AI 運算力
 科技新報 TechNews, 高通5G 推驍龍4 系列晶片，小米搶先採用
 ePrice, 向入門款延伸，高通表示明年4 系列處理器也會支援5G
 Yahoo奇摩新聞, 洋將閃辭 王雪紅再度重掌宏達電
 自由財經, 宏達電營收波動大 8月營收月增52.27％
 民視新聞網 Formosa TV News network, 宏達電執行長梅特爾請辭董座王雪紅救火兼任－民視新聞
 Yahoo奇摩新聞, 宏達電執行長梅特爾請辭 董座王雪紅救火兼任
 Anue鉅亨, 新機助陣 宏達電8月營收4.32億元 月增逾5成
 中時新聞網 Chinatimes.com, 韓國瑜晚間PO出當兵私照 網：真不習慣有頭髮
 工商時報, 獨家》2款保單爆客訴保險局限2周內改善
 經濟日報, 失能重疾險損失率嚴重 金管會要求壽險公會二周內檢討
 Yahoo奇摩新聞, 二款保單爆客訴 趕快看看你踩雷了嗎？
 中時新聞網 Chinatimes.com, 獨家》沒重大傷病卡不理賠 2款保單爆「客訴」 保險局回應了
 Anue鉅亨, 面板景氣熱潮向外擴散 佳世達急單湧入 訂單上修至翻倍成長
 中時新聞網, 金雞加持 佳世達8月營收飆
 經濟日報, 面板需求熱擴散 顯示器代工廠Q3出貨估優於Q2
 Anue鉅亨, 併購明泰挹注 佳世達8月營收增逾2成寫新高
 ETtoday 新聞雲, 佳世達8月營收年增25.3％ 改寫歷史新高紀錄
 中央社即時新聞, 大同市場派形成共識 擬推林文淵任董事長
 自由財經, 欣同、新大同推林文淵競逐董座 大同發聲明抗議
 Yahoo奇摩新聞, 大同將二度改選董監事 大同市場派林宏信：暫時支持林文淵
 工商時報, 大同市場派怒批趙安」之內容已誤導視聽欣同、新大同特此澄清
 自由財經, 大同市場派召開臨股說明會 擬推林文淵任新董座
 三立新聞網, 本田CR-V小改款正式發表 入門車型售價94.9萬元起
 自由時報電子報, 不再給 Kuga 有搶國產休旅冠軍的機會？Honda CR-V 小改款售價正式公佈
 Yahoo奇摩汽車, 【新車速報】安全、性能一次點滿！全新小改款2021 HONDA CR-V 94.9萬驚爆上市！ - Yahoo奇摩汽車機車
 台灣蘋果日報, 【CR-V小改款已接單約1500輛】VTi以94.9萬開出VTi-S車價103.9萬S則是113.9萬
 自由財經, CR-V入門車型再降價2萬元 汰舊換新價89.9萬元起
 經濟日報, 科技股暴跌 科技富豪財富一夕蒸發440億美元
 Yahoo奇摩新聞, 亞馬遜暴漲77%貝佐斯前妻成女首富
 自由財經, 美股慘遭血洗！全球10大科技富豪一夜蒸發1.29兆
 台灣蘋果日報, 跌掉7.7個郭董！美科技股崩跌10大富豪身家一夕暴減1.3兆
 世界日報, 擁亞馬遜4%股票貝佐斯前妻躍升世界女首富
 科技新報 TechNews, 考量特殊天線設計，傳僅1 款5G iPhone 支援毫米波
 鉅亨網, iPhone 12 5G晶片成本高 部份供應商恐面臨砍價壓力
 Yahoo奇摩新聞, 今年只有1款iPhone支援5G毫米波？分析師曝關鍵2原因！
 中央社即時新聞, iPhone 5G版傳僅一款支援毫米波頻段 下半年發表4機型
 點子科技, iPhone 12 系列清一色支援5G，卻只有它支援最快的毫米波
 三立新聞網, 他33歲存8千萬！驚人秘訣曝 照著做存錢跟喝水一樣簡單
 Anue鉅亨, 資金行情延燒台幣飆升近2角 助漲Q3季底作帳效應
 自由財經, 股跌匯漲！新台幣勁揚2.01角 中午暫收29.33元
 經濟日報, 股匯脫鉤 新台幣午盤大漲2.01角
 工商時報, 漲跌互見台股低迷新台幣大升近2角
 ETtoday 新聞雲, 新台幣收盤貶值0.5分 收在29.531元
 巴哈姆特電玩資訊站, 【模型】GSC《明日方舟》「黏土人銀灰」喀蘭貿易公司董事長附「真銀斬」特效登場
 巴哈姆特電玩資訊站, 神祕新作《海賊爭霸Online》於Google Play 商店上架下載就送S 級火槍兵！？
 iThome Online, 俄羅斯擬立法要求蘋果、Google降低App分潤率上限到20%
 巴哈姆特電玩資訊站, 《潘朵拉的迴響：Echoes of Pandora》Android 版預約開啟公布封測期間趣味數據
 NOWnews, 《巫師3：狂獵》確定登陸PS5及Xbox Series X
 Cool3c 癮科技, 一圖看懂 任天堂瑪利歐賽車Live Home Circuit：AR實體遙控賽車、售價9980日元
 巴哈姆特電玩資訊站, 35 人大逃殺！《超級瑪利歐35》10 月起限時釋出與全世界玩家角逐最強瑪利歐寶座
 Yahoo奇摩新聞, 任天堂扛霸子35歲生日 星野源與「他」合拍廣告
 ePrice, 迎接《超級瑪利歐》35 周年，任天堂公布新款GAME&amp;WATCH 掌機與多款《超級瑪利歐》作品- 第1頁- 電玩遊戲電玩遊戲討論區- ePrice 行動版
 巴哈姆特電玩資訊站, 《瑪利歐賽車實況：家庭賽車場》10 月開跑！結合實體遙控車與電玩遊戲雙重樂趣
 巴哈姆特電玩資訊站, 國產線上遊戲《風色幻想：覺醒Online》再次於台港澳上線揭開詳細世界觀背景設定
 巴哈姆特電玩資訊站, 昔日顯卡殺手《末日之戰重製版》公開PC 版電腦配備需求
 巴哈姆特電玩資訊站, 《四海兄弟：決定版》釋出新影片帶玩家探索煥然一新的遊戲設定
 NOWnews, 《劍靈：革命》全新16人討伐戰「黎明的破天聖島」登場
 巴哈姆特電玩資訊站, 策略遊戲系列新作《十字軍王者3》今日上市努力讓皇室繁榮興盛
 巴哈姆特電玩資訊站, 《瘋狂小白鼠死》公開中文版第二彈資訊介紹被打倒也沒關係的「倒轉時間」功能
 巴哈姆特電玩資訊站, 《奇幻生活Online》秋季改版「逆襲的黃金咩」登場推出新劇情、功能、活動、招募
 巴哈姆特電玩資訊站, 《第七史詩》釋出Episode 3「響徹雪原的頌歌」更新及「最後的騎士克勞烏」影片
 4Gamers, Fractal Design與小島製作合作推《死亡擱淺》PC機殼
 巴哈姆特電玩資訊站, 《死亡擱淺》樣式訂製版PC 機殼今年秋季上市以「布橋斯」補給品為概念
 遊戲基地 gamebase, JoyCity《KOF》、《Project Neo》＆《Project M》等五款新作公開，《Tera》＆《穿越火線》9月15日預約開始
巴哈姆特電玩資訊站, JOYCITY 線上新作發表會公開《拳皇》《穿越火線》等IP 改編遊戲及兩款原創作品
Yahoo奇摩, 貝魯特大爆炸一個月後 搜救犬嗅到生命跡象「每分鐘呼吸19次」
新唐人電視臺, 【9/4 直播】黎巴嫩大爆炸1個月廢墟中現生命跡象
UDN 聯合新聞網, 「還有生還者」 貝魯特爆炸1個月 廢墟中疑測得兒童生命跡象
Yahoo奇摩新聞, 貝魯特大爆炸一個月後 傳廢墟中發現生命跡象
台視新聞 TTV NEWS, 偵測有生命跡象黎巴嫩爆炸滿月再度搜救
新頭殼, 批中國承諾幾乎沒實現賀吉普：中國對捷克投資效益被高估| 政治
三立新聞網, 不只是台灣人！布拉格市長自曝「驚人身分」：我是台北市民
民視新聞網 Formosa TV News network, 有市民榮譽狀！布拉格市長:我是台北市民－民視新聞
新頭殼, 參議長「我是台灣人」 賀吉普：我是台北市民而且是事實！ | 政治
三立新聞網SETN, 柯文哲與布拉格市長賀吉普記者會｜三立新聞網SETN.com
中央社即時新聞, 美台歐日重組供應鏈論壇 聲明確保安全不受政治脅迫
自由時報電子報, 台美合辦「重組供應鏈」論壇 發表聯合聲明：確保供應鏈不受政治脅迫
新頭殼, 酈英傑：台美經濟商業對話優先關注科技與醫療產品供應鏈| 政治
香港蘋果日報, 【對沖人生】林鄭團隊的核級別攬炒- 錢志健
UDN 聯合新聞網, 台美日歐鞏固供應鏈聯合聲明 確保供應鏈不受政治脅迫
鉅亨網財經新聞, 道瓊暴跌800點！分析師：明斯基時刻 恐讓股市回測3月低點
Yahoo奇摩, 美股道瓊指數大跌807點 科技股走勢淒慘
經濟日報, 美股四大指數暴跌 台股早盤一度重挫近200點
Anue鉅亨, 〈美股盤後〉VIX衝高！科技股引爆股災 道瓊暴跌逾 800 點
Yahoo奇摩新聞, 明斯基時刻降臨？華爾街專家：股市恐回測3月低點
風傳媒, 紅二代反習，「蔡霞們」的困獸之鬥
UDN 聯合新聞網, 習近平反擊美國 提「5個絕不答應」
Yahoo奇摩, 習5個不答應 陸美將打持久戰
BBC News 中文, 抗日戰爭勝利75週年習近平王岐山等中共高層高調露面－ BBC News 中文
中央社即時新聞, 後19大陷內外僵局 習近平藉民族情緒鞏固權威
udn 轉角國際, 又見「諾維喬克」謀殺案！梅克爾證實：「普丁政敵」遭化學武器下毒
TVBS NEWS, FOCUS／普欽政敵遭投毒確認蘇聯神經毒「諾維喬克」
自由時報電子報, 普廷政敵被下毒 神經毒劑同俄諜案
中華電視公司, 又傳「諾維喬克」謀殺案俄國否認| 華視新聞20200903
UDN 聯合新聞網, 俄國反對派領袖中毒 克里姆林宮：指控毫無道理
udn OOPS! 新鮮事, 女台商赴日工作不適 就醫症狀改善仍帶新冠肺炎返國
自由時報電子報, 40多歲女赴日工作返台無症狀確診 同班機接觸者共11人
台灣蘋果日報, 【武肺疫報】40多歲女赴日工作返台無症狀確診匡列11人
三立新聞網, 台灣新增1例確診 指揮中心下午2時一併說明中國口罩風波
民視新聞網 Formosa TV News network, 快新聞／新增1境外移入40多歲女日本返國確診－民視新聞
UDN 聯合新聞網, 驚險影像曝光！梅莎襲韓河水暴漲 男向客車大喊「別過來」瞬間橋塌
關鍵時刻, 梅莎颱風橫掃朝鮮半島！北韓電視24小時轉播災情南韓上街像玩命！？ 【關鍵時刻】20200903-6劉寶傑李正皓
自由時報電子報, 南北韓連遭雙颱梅莎、海神登陸！ 氣象專家：路徑幾乎重疊
台灣蘋果日報, 梅莎橫掃朝鮮半島南韓2死急撤2000人
ETtoday 新聞雲, 颱風梅莎掃過北韓 官媒記者罕見「站在水裡」報導災情
udn OOPS! 新鮮事, 鼓勵違法？川普籲北卡選民重複投票
台視新聞 TTV NEWS, 帶頭違法?川普造勢竟呼籲選民重複投票
Yahoo奇摩新聞, 帶頭鼓勵違法？川普質疑通訊投票不公要選民重複投票測試
鉅亨網, 川普推文鼓勵投票兩次！遭推特貼警告標籤
台視新聞 TTV NEWS, 美總統帶頭違法選舉川普竟呼籲投兩次票【重點新聞】-20200904
udn OOPS! 新鮮事, 世上只有媽媽好！但這樣的媽媽如何是好？
新頭殼, 賞大稻埕煙火遠離人潮！北市府分享私房景點| 旅遊
UDN 聯合新聞網, 台北新景點再添一處！「黎和生態公園」佔地5445坪，原生森林步道、頂點還可遠眺101
WalkerLand窩客島, 北投美拍景點|三層崎公園|情人瀑布|龍鳳谷公園|婚紗外拍聖地|琉磺谷泡腳池步道|北投泡湯花海瀑布美食一日遊 TaipeiWalker．JapanWalker．WalkerLand
udn 元氣網, 隱身都會！北市白石湖浪漫同心池 獨享自然山林風光
新頭殼, 櫻花、鬱金香2月綻放迎春天！台北市3處免費賞花景點走透透| 旅遊
WalkerLand窩客島, 雙北一日遊現在就出發！一次給你25個新北人、台北人都不一定知道的「療癒系打卡景點」，看山、看海、看夜景讓你來趟解憂之旅。 TaipeiWalker．JapanWalker．WalkerLand
UDN 聯合新聞網, 在台北追花季！陽明山「10大秘境景點」不藏私 準備攻佔IG版面
自由時報電子報, 「硫磺谷泡腳池2.0」新開放！週末順遊北投３大免費溫泉景點
中時電子報 Chinatimes.com, 景點即時影像 北市27日上線
WalkerLand窩客島, 台北森林系景點|虎山自然步道|最佳看101油桐花步道|夜晚螢火蟲閃亮登場|台北CP值超高的登山步道 TaipeiWalker．JapanWalker．WalkerLand
自由財經, 特斯拉董事出脫股票大賺近1.5億 隨後股價3連跌
自由財經, 中國科大訊飛被美制裁 政府補貼竟比公司淨利高出近一半
三立新聞網, Taycan電動車賣太好 保時捷向奧迪借員工幫忙
Yahoo奇摩汽車, 賣到來不及做！保時捷借調數百名奧迪員工，增援生產 Taycan 電動跑車
UNWIRE.HK, Porsche 電動車 Taycan 熱賣 向同系 Audi 借用 400 工人趕工
Anue鉅亨, 星展：美股大跌是健康的修正 建議維持科技股投資
自由財經, 美股大跌投資人恐變心 專家：可能再跌10％
台灣蘋果日報, 【全球股市不斷更新】道瓊期指由黑翻紅歐股早盤上揚
Anue鉅亨, 〈美股盤後〉VIX衝高！科技股引爆股災 道瓊暴跌逾 800 點
Yahoo奇摩, 台股一度大跌近200點 力守12600點關卡
鏡週刊, 【零股投資術2】買零股經常槓龜？ 這樣出價就對了
Yahoo奇摩股市, 【零股投資術5】圖解：盤中零股交易上路 3分鐘搞懂新制
EBC東森財經新聞, 買零股經常槓龜？ 這樣出價就對了
鏡週刊, 【零股投資術1】小資族福音！不用再等2點半撮合 盤中零股交易將上路
ETtoday 新聞雲, 小資族買「零股」！他月投資1萬買進3檔...3招讓錢滾大
Yahoo奇摩新聞, 紅色供應鏈崛起 童子賢：產業趨勢大過顏色選擇
中華電視公司, 紅色供應鏈崛起?童子賢:關鍵產業趨勢| 華視新聞20200904
自由財經, 童子賢：台企實力勝任何FTA 供應鏈不分顏色
鉅亨網, 紅色供應鏈崛起 童子賢：產業趨勢大於顏色
Yahoo奇摩理財, 科技是國際合作！ 童子賢：供應鏈不分紅色、綠色| 股市
Anue鉅亨, 信邦8月營收連5個月創新高 前8月營收同寫新猷
經濟日報, 新普增8% 同期最佳
工商時報, 去美化助攻宏捷科8月營收靚
Anue鉅亨, 聚陽8月營收跳增至31億元 寫11個月來最佳
經濟日報, 信邦連五月締新猷
Anue鉅亨, 〈貴金屬盤後〉美股崩跌 市場趕忙變現 黃金挫至一週低點
Anue鉅亨, 〈能源盤後〉數據多空交錯 需求前景令人憂心 Brent挫至7月底以來低點
經濟日報, 台股收跌120.02點 三大法人賣超237.54億元
工商時報, 外資瘋狂掃貨11萬張買的竟然不是台積電
Anue鉅亨, 美股跳水台積電ADR挫逾4% 台指期夜盤一度暴跌250點
經濟日報, 三大法人賣超台股237.54億元
中央社即時新聞, 台股站上12800點大關 蘋概三王走揚
三立新聞網, 科技股遭拋售！美股收盤重挫 道瓊狂洩逾807點
Yahoo奇摩股市, 《半導體》敦泰減資約29.9% 新股10月26日上市
中時新聞網, 9月大瘦身 14檔減資股登場
工商時報, 9月大瘦身14檔減資股登場
Yahoo奇摩股市, 《研究報告》新興市場債明顯彈升 後市可期
經濟日報, 目標到期基金 變動市場優質選項
工商時報, 新興市場債明顯彈升後市可期
鉅亨網財經新聞, 豪展8月營收3.16億元 年增逾2倍 連3個月寫新高
經濟日報, 新興債中長線買點到
Yahoo奇摩股市, 《研究報告》生醫短期有雜音 中長多不變
科技新報 TechNews, 聯發科5G 旗艦晶片傳捷報，LG 智慧手機採用銷美國
自由財經, 殺進美國5G手機市場！聯發科天璣1000C晶片亮相
Anue鉅亨, 〈聯發科新晶片亮相〉5G旗艦晶片天璣1000C獲LG採用 將攻美國市場
ePrice, 對應不同5G 連網頻段，聯發科針對美國市場打造天璣1000C 處理器
台灣蘋果日報, 傳遭中國挖角聯發科高管換人
Anue鉅亨, 分析師：油價預計走高 唯一的理由就是美元還會疲軟
Engadget 中文版, 快閃優惠最後一天，嚴選五款大熱真・無線耳機
Yahoo奇摩新聞, 驚呆！為什麼不應該戴萬魔抗噪耳機？
T客邦, Sennheiser亮相中價位CX 400BT真無線耳機，搭載藍牙5.1、續航7小時
ePrice, OPPO 印度發表F17 系列中階手機與Enco W51 真無線藍牙耳機
Engadget 中文版, JBL Club Pro+ 是一款售價 US$200 的主動降噪真無線耳機
瘋先生, iOS 14 beta 7 新功能瀏覽，快速瞭解改進了哪些
Anue鉅亨, 臉書槓上後 蘋果推遲 iOS 14 限制追蹤用戶功能
ETtoday 新聞雲, AirTags 將與第一波 iPhone 12 共同亮相！ 可望於10月發布
點子科技, 蘋果新廣告開嗆：智慧型手機超不安全，除了iPhone
Engadget 中文版, iOS 14 的反廣告追蹤功能要推遲到 2021 年了
Anue鉅亨, 恐慌情緒蔓延 富邦VIX爆量逾50萬張 挑戰前波大量
ePrice, Qualcomm 更新第二版Snapdragon 8cx 處理器，宏碁、HP 將率先應用
自由時報電子報, 5G 手機定價要跌破5 千了？高通將推「超入門」5G 處理器- 自由電子報3C科技
Engadget 中文版, 高通的 Snapdragon 8cx Gen 2 PC 處理器將帶來更強力的 AI 運算力
科技新報 TechNews, 高通5G 推驍龍4 系列晶片，小米搶先採用
ePrice, 向入門款延伸，高通表示明年4 系列處理器也會支援5G
Yahoo奇摩新聞, 洋將閃辭 王雪紅再度重掌宏達電
自由財經, 宏達電營收波動大 8月營收月增52.27％
民視新聞網 Formosa TV News network, 宏達電執行長梅特爾請辭董座王雪紅救火兼任－民視新聞
Yahoo奇摩新聞, 宏達電執行長梅特爾請辭 董座王雪紅救火兼任
Anue鉅亨, 新機助陣 宏達電8月營收4.32億元 月增逾5成
中時新聞網 Chinatimes.com, 韓國瑜晚間PO出當兵私照 網：真不習慣有頭髮
工商時報, 獨家》2款保單爆客訴保險局限2周內改善
經濟日報, 失能重疾險損失率嚴重 金管會要求壽險公會二周內檢討
Yahoo奇摩新聞, 二款保單爆客訴 趕快看看你踩雷了嗎？
中時新聞網 Chinatimes.com, 獨家》沒重大傷病卡不理賠 2款保單爆「客訴」 保險局回應了
Anue鉅亨, 面板景氣熱潮向外擴散 佳世達急單湧入 訂單上修至翻倍成長
中時新聞網, 金雞加持 佳世達8月營收飆
經濟日報, 面板需求熱擴散 顯示器代工廠Q3出貨估優於Q2
Anue鉅亨, 併購明泰挹注 佳世達8月營收增逾2成寫新高
ETtoday 新聞雲, 佳世達8月營收年增25.3％ 改寫歷史新高紀錄
中央社即時新聞, 大同市場派形成共識 擬推林文淵任董事長
自由財經, 欣同、新大同推林文淵競逐董座 大同發聲明抗議
Yahoo奇摩新聞, 大同將二度改選董監事 大同市場派林宏信：暫時支持林文淵
工商時報, 大同市場派怒批趙安」之內容已誤導視聽欣同、新大同特此澄清
自由財經, 大同市場派召開臨股說明會 擬推林文淵任新董座
三立新聞網, 本田CR-V小改款正式發表 入門車型售價94.9萬元起
自由時報電子報, 不再給 Kuga 有搶國產休旅冠軍的機會？Honda CR-V 小改款售價正式公佈
Yahoo奇摩汽車, 【新車速報】安全、性能一次點滿！全新小改款2021 HONDA CR-V 94.9萬驚爆上市！ - Yahoo奇摩汽車機車
台灣蘋果日報, 【CR-V小改款已接單約1500輛】VTi以94.9萬開出VTi-S車價103.9萬S則是113.9萬
自由財經, CR-V入門車型再降價2萬元 汰舊換新價89.9萬元起
經濟日報, 科技股暴跌 科技富豪財富一夕蒸發440億美元
Yahoo奇摩新聞, 亞馬遜暴漲77%貝佐斯前妻成女首富
自由財經, 美股慘遭血洗！全球10大科技富豪一夜蒸發1.29兆
台灣蘋果日報, 跌掉7.7個郭董！美科技股崩跌10大富豪身家一夕暴減1.3兆
世界日報, 擁亞馬遜4%股票貝佐斯前妻躍升世界女首富
科技新報 TechNews, 考量特殊天線設計，傳僅1 款5G iPhone 支援毫米波
鉅亨網, iPhone 12 5G晶片成本高 部份供應商恐面臨砍價壓力
Yahoo奇摩新聞, 今年只有1款iPhone支援5G毫米波？分析師曝關鍵2原因！
中央社即時新聞, iPhone 5G版傳僅一款支援毫米波頻段 下半年發表4機型
點子科技, iPhone 12 系列清一色支援5G，卻只有它支援最快的毫米波
三立新聞網, 他33歲存8千萬！驚人秘訣曝 照著做存錢跟喝水一樣簡單
Anue鉅亨, 資金行情延燒台幣飆升近2角 助漲Q3季底作帳效應
自由財經, 股跌匯漲！新台幣勁揚2.01角 中午暫收29.33元
經濟日報, 股匯脫鉤 新台幣午盤大漲2.01角
工商時報, 漲跌互見台股低迷新台幣大升近2角
ETtoday 新聞雲, 新台幣收盤貶值0.5分 收在29.531元
巴哈姆特電玩資訊站, 【模型】GSC《明日方舟》「黏土人銀灰」喀蘭貿易公司董事長附「真銀斬」特效登場
巴哈姆特電玩資訊站, 神祕新作《海賊爭霸Online》於Google Play 商店上架下載就送S 級火槍兵！？
iThome Online, 俄羅斯擬立法要求蘋果、Google降低App分潤率上限到20%
巴哈姆特電玩資訊站, 《潘朵拉的迴響：Echoes of Pandora》Android 版預約開啟公布封測期間趣味數據
NOWnews, 《巫師3：狂獵》確定登陸PS5及Xbox Series X
Cool3c 癮科技, 一圖看懂 任天堂瑪利歐賽車Live Home Circuit：AR實體遙控賽車、售價9980日元
巴哈姆特電玩資訊站, 35 人大逃殺！《超級瑪利歐35》10 月起限時釋出與全世界玩家角逐最強瑪利歐寶座
Yahoo奇摩新聞, 任天堂扛霸子35歲生日 星野源與「他」合拍廣告
ePrice, 迎接《超級瑪利歐》35 周年，任天堂公布新款GAME&amp;WATCH 掌機與多款《超級瑪利歐》作品- 第1頁- 電玩遊戲電玩遊戲討論區- ePrice 行動版
巴哈姆特電玩資訊站, 《瑪利歐賽車實況：家庭賽車場》10 月開跑！結合實體遙控車與電玩遊戲雙重樂趣
巴哈姆特電玩資訊站, 國產線上遊戲《風色幻想：覺醒Online》再次於台港澳上線揭開詳細世界觀背景設定
巴哈姆特電玩資訊站, 昔日顯卡殺手《末日之戰重製版》公開PC 版電腦配備需求
巴哈姆特電玩資訊站, 《四海兄弟：決定版》釋出新影片帶玩家探索煥然一新的遊戲設定
NOWnews, 《劍靈：革命》全新16人討伐戰「黎明的破天聖島」登場
巴哈姆特電玩資訊站, 策略遊戲系列新作《十字軍王者3》今日上市努力讓皇室繁榮興盛
巴哈姆特電玩資訊站, 《瘋狂小白鼠死》公開中文版第二彈資訊介紹被打倒也沒關係的「倒轉時間」功能
巴哈姆特電玩資訊站, 《奇幻生活Online》秋季改版「逆襲的黃金咩」登場推出新劇情、功能、活動、招募
巴哈姆特電玩資訊站, 《第七史詩》釋出Episode 3「響徹雪原的頌歌」更新及「最後的騎士克勞烏」影片
4Gamers, Fractal Design與小島製作合作推《死亡擱淺》PC機殼
巴哈姆特電玩資訊站, 《死亡擱淺》樣式訂製版PC 機殼今年秋季上市以「布橋斯」補給品為概念
遊戲基地 gamebase, JoyCity《KOF》、《Project Neo》＆《Project M》等五款新作公開，《Tera》＆《穿越火線》9月15日預約開始
巴哈姆特電玩資訊站, JOYCITY 線上新作發表會公開《拳皇》《穿越火線》等IP 改編遊戲及兩款原創作品
台視新聞 TTV NEWS, 羅伯派汀森確診武漢肺炎新版蝙蝠俠停拍
巴哈姆特電玩資訊站, 傳影星羅伯·派汀森確診肺炎《蝙蝠俠》劇組開拍三天再度宣布停工
CTWANT, 《暮光》男星驚傳確診 羅伯派汀森新作「蝙蝠俠」復拍又喊卡
udn 噓！星聞, 「蝙蝠俠」羅伯帕汀森被傳確診新冠肺炎 片子再度停擺
Yahoo奇摩, 羅勃派汀森驚傳確診！《新蝙蝠俠》再度停拍| 熱門
Yahoo奇摩新聞, 激似羅志祥！男星當稱讚 被網友狂問「會不會多人運動」
ETtoday星光雲, 羅志祥暴瘦10公斤「合照直播主」 最新近況意外曝光！
台灣蘋果日報, 激似羅志祥歌手出道被問「多人運動」靠這招唬弄
Yahoo奇摩新聞, 山寨羅志祥拚發片 被問多人運動「講笑話轉移話題」
中時新聞網 Chinatimes.com, 激似羅志祥出道！林宥穎無懼外界觀感喊話小豬重返演藝圈
Yahoo奇摩新聞, 李玖哲機場淚別妻 相馬茜竟回這5字
自由娛樂, 李玖哲簽「離日切結書」拋相馬茜返台後悔哀號「老婆等我」
udn 噓！星聞, 周董親授育兒撇步！新手奶爸柯有倫公開這一招
ETtoday星光雲, 李玖哲離日簽切結書「短期內回不去了」 被迫與老婆相馬茜分隔兩地
三立新聞網, 返台被迫簽切結書！李玖哲機場淚別愛妻 相馬茜竟回這5字
ETtoday星光雲, 已逝雪莉紀錄片公開⋯親母哽咽：媽媽來晚了 少時蒂芬妮爆哭
Yahoo奇摩新聞, 雪莉紀錄片公開！母淚崩：媽來晚了對不起 少女時代爆哭
中時新聞網 Chinatimes.com, 雪莉逝世週年紀錄片 「親母現身淚訴」網怒：別再消遣她
香港蘋果日報, 【去年自殺】Sulli紀錄片預告曝光媽媽哽咽：抱歉來得太遲
Yahoo奇摩新聞, 雪莉離世週年…曝紀錄片！母露面淚崩
TVBS新聞, 驚世夫妻爆復合！洪曉蕾離婚4年熱吻前夫：像極愛情 TVBS新聞網
Yahoo奇摩新聞, 驚世夫妻「私密照」曝光 洪曉蕾離婚4年甜吻疑復合
三立新聞網, 驚世夫妻私照流出！洪曉蕾羞被甜吻離婚4年爆回收前夫
中天新聞CH52, 20200904中天新聞王世均吻洪曉蕾「像極了愛情」 坦言等復合時機
Yahoo奇摩新聞, 驚世夫妻洪曉蕾疑似復合前夫 王世均：像極了愛情
udn 噓！星聞, 三浦春馬過世49日... 經紀公司證實未留遺書將成立基金會做公益| 噓！星聞
自由娛樂, 汪小菲深夜買醉...眼神渙散怨大S不工作「你妹天天營業」
Yahoo奇摩新聞, 「你妹天天營業」！汪小菲暗酸大S不工作…深夜揪友買醉澆愁
三立新聞網, KTV喝爛醉！汪小菲發文「語出驚人」 網怒：抱怨大S？
中時新聞網 Chinatimes.com, 汪小菲突喊話大S「你妹天天營業」又秒刪 深夜和友買醉
Yahoo奇摩新聞, 汪小菲喝爛醉語出驚人 網：抱怨大S
三立新聞網, 比基尼掉出「邪惡側乳」險走光 郭書瑤驚爆「腳踏兩條船」
自由娛樂, 郭書瑤比基尼滑出水滴奶！一轉身...邪惡側乳險走光- 自由娛樂
Yahoo奇摩新聞, 為何花木蘭從軍沒有被抓包 真相曝光
ETtoday星光雲, 《花木蘭》爛番茄開盤80％「跟《天能》同分」 網狂推：迪士尼最佳真人電影
自由娛樂, 公開抵制「花木蘭」！黃之鋒重提劉亦菲「力挺港警」嗆爆
香港蘋果日報, 【香港冇首映】劉亦菲高調撐警《花木蘭》低調上映
端傳媒 | Initium Media, 為迎合中國市場，迪士尼真人版《花木蘭》有多拼？｜端傳媒Initium Media
CTWANT, 歐陽妮妮鬆口「張書豪去過她家」 父歐陽龍認證：滿OK的！
Yahoo奇摩, 負面新聞毀印象 歐陽妮妮靠手遊融化張書豪
三立新聞網, 認了帶張書豪回家見爸媽！妮妮曝歐陽龍反應「滿OK的」
ETtoday, 歐陽妮妮認愛10個月「帶張書豪回家」 爸爸歐陽龍給4字肯定
台灣蘋果日報, 歐陽妮妮靠手遊擒張書豪招黑體質笑當娜娜米蟲
新頭殼, 賞大稻埕煙火遠離人潮！北市府分享私房景點| 旅遊
 UDN 聯合新聞網, 台北新景點再添一處！「黎和生態公園」佔地5445坪，原生森林步道、頂點還可遠眺101
 WalkerLand窩客島, 北投美拍景點|三層崎公園|情人瀑布|龍鳳谷公園|婚紗外拍聖地|琉磺谷泡腳池步道|北投泡湯花海瀑布美食一日遊 TaipeiWalker．JapanWalker．WalkerLand
 udn 元氣網, 隱身都會！北市白石湖浪漫同心池 獨享自然山林風光
 新頭殼, 櫻花、鬱金香2月綻放迎春天！台北市3處免費賞花景點走透透| 旅遊
 WalkerLand窩客島, 雙北一日遊現在就出發！一次給你25個新北人、台北人都不一定知道的「療癒系打卡景點」，看山、看海、看夜景讓你來趟解憂之旅。 TaipeiWalker．JapanWalker．WalkerLand
 UDN 聯合新聞網, 在台北追花季！陽明山「10大秘境景點」不藏私 準備攻佔IG版面
 自由時報電子報, 「硫磺谷泡腳池2.0」新開放！週末順遊北投３大免費溫泉景點
 中時電子報 Chinatimes.com, 景點即時影像 北市27日上線
 WalkerLand窩客島, 台北森林系景點|虎山自然步道|最佳看101油桐花步道|夜晚螢火蟲閃亮登場|台北CP值超高的登山步道 TaipeiWalker．JapanWalker．WalkerLand
 自由財經, 特斯拉董事出脫股票大賺近1.5億 隨後股價3連跌
 自由財經, 中國科大訊飛被美制裁 政府補貼竟比公司淨利高出近一半
 三立新聞網, Taycan電動車賣太好 保時捷向奧迪借員工幫忙
 Yahoo奇摩汽車, 賣到來不及做！保時捷借調數百名奧迪員工，增援生產 Taycan 電動跑車
 UNWIRE.HK, Porsche 電動車 Taycan 熱賣 向同系 Audi 借用 400 工人趕工
 Anue鉅亨, 星展：美股大跌是健康的修正 建議維持科技股投資
 自由財經, 美股大跌投資人恐變心 專家：可能再跌10％
 台灣蘋果日報, 【全球股市不斷更新】道瓊期指由黑翻紅歐股早盤上揚
 Anue鉅亨, 〈美股盤後〉VIX衝高！科技股引爆股災 道瓊暴跌逾 800 點
 Yahoo奇摩, 台股一度大跌近200點 力守12600點關卡
 鏡週刊, 【零股投資術2】買零股經常槓龜？ 這樣出價就對了
 Yahoo奇摩股市, 【零股投資術5】圖解：盤中零股交易上路 3分鐘搞懂新制
 EBC東森財經新聞, 買零股經常槓龜？ 這樣出價就對了
 鏡週刊, 【零股投資術1】小資族福音！不用再等2點半撮合 盤中零股交易將上路
 ETtoday 新聞雲, 小資族買「零股」！他月投資1萬買進3檔...3招讓錢滾大
 Yahoo奇摩新聞, 紅色供應鏈崛起 童子賢：產業趨勢大過顏色選擇
 中華電視公司, 紅色供應鏈崛起?童子賢:關鍵產業趨勢| 華視新聞20200904
 自由財經, 童子賢：台企實力勝任何FTA 供應鏈不分顏色
 鉅亨網, 紅色供應鏈崛起 童子賢：產業趨勢大於顏色
 Yahoo奇摩理財, 科技是國際合作！ 童子賢：供應鏈不分紅色、綠色| 股市
 Anue鉅亨, 信邦8月營收連5個月創新高 前8月營收同寫新猷
 經濟日報, 新普增8% 同期最佳
 工商時報, 去美化助攻宏捷科8月營收靚
 Anue鉅亨, 聚陽8月營收跳增至31億元 寫11個月來最佳
 經濟日報, 信邦連五月締新猷
 Anue鉅亨, 〈貴金屬盤後〉美股崩跌 市場趕忙變現 黃金挫至一週低點
 Anue鉅亨, 〈能源盤後〉數據多空交錯 需求前景令人憂心 Brent挫至7月底以來低點
 經濟日報, 台股收跌120.02點 三大法人賣超237.54億元
 工商時報, 外資瘋狂掃貨11萬張買的竟然不是台積電
 Anue鉅亨, 美股跳水台積電ADR挫逾4% 台指期夜盤一度暴跌250點
 經濟日報, 三大法人賣超台股237.54億元
 中央社即時新聞, 台股站上12800點大關 蘋概三王走揚
 三立新聞網, 科技股遭拋售！美股收盤重挫 道瓊狂洩逾807點
 Yahoo奇摩股市, 《半導體》敦泰減資約29.9% 新股10月26日上市
 中時新聞網, 9月大瘦身 14檔減資股登場
 工商時報, 9月大瘦身14檔減資股登場
 Yahoo奇摩股市, 《研究報告》新興市場債明顯彈升 後市可期
 經濟日報, 目標到期基金 變動市場優質選項
 工商時報, 新興市場債明顯彈升後市可期
 鉅亨網財經新聞, 豪展8月營收3.16億元 年增逾2倍 連3個月寫新高
 經濟日報, 新興債中長線買點到
 Yahoo奇摩股市, 《研究報告》生醫短期有雜音 中長多不變
 科技新報 TechNews, 聯發科5G 旗艦晶片傳捷報，LG 智慧手機採用銷美國
 自由財經, 殺進美國5G手機市場！聯發科天璣1000C晶片亮相
 Anue鉅亨, 〈聯發科新晶片亮相〉5G旗艦晶片天璣1000C獲LG採用 將攻美國市場
 ePrice, 對應不同5G 連網頻段，聯發科針對美國市場打造天璣1000C 處理器
 台灣蘋果日報, 傳遭中國挖角聯發科高管換人
 Anue鉅亨, 分析師：油價預計走高 唯一的理由就是美元還會疲軟
 Engadget 中文版, 快閃優惠最後一天，嚴選五款大熱真・無線耳機
 Yahoo奇摩新聞, 驚呆！為什麼不應該戴萬魔抗噪耳機？
 T客邦, Sennheiser亮相中價位CX 400BT真無線耳機，搭載藍牙5.1、續航7小時
 ePrice, OPPO 印度發表F17 系列中階手機與Enco W51 真無線藍牙耳機
 Engadget 中文版, JBL Club Pro+ 是一款售價 US$200 的主動降噪真無線耳機
 瘋先生, iOS 14 beta 7 新功能瀏覽，快速瞭解改進了哪些
 Anue鉅亨, 臉書槓上後 蘋果推遲 iOS 14 限制追蹤用戶功能
 ETtoday 新聞雲, AirTags 將與第一波 iPhone 12 共同亮相！ 可望於10月發布
 點子科技, 蘋果新廣告開嗆：智慧型手機超不安全，除了iPhone
 Engadget 中文版, iOS 14 的反廣告追蹤功能要推遲到 2021 年了
 Anue鉅亨, 恐慌情緒蔓延 富邦VIX爆量逾50萬張 挑戰前波大量
 ePrice, Qualcomm 更新第二版Snapdragon 8cx 處理器，宏碁、HP 將率先應用
 自由時報電子報, 5G 手機定價要跌破5 千了？高通將推「超入門」5G 處理器- 自由電子報3C科技
 Engadget 中文版, 高通的 Snapdragon 8cx Gen 2 PC 處理器將帶來更強力的 AI 運算力
 科技新報 TechNews, 高通5G 推驍龍4 系列晶片，小米搶先採用
 ePrice, 向入門款延伸，高通表示明年4 系列處理器也會支援5G
 Yahoo奇摩新聞, 洋將閃辭 王雪紅再度重掌宏達電
 自由財經, 宏達電營收波動大 8月營收月增52.27％
 民視新聞網 Formosa TV News network, 宏達電執行長梅特爾請辭董座王雪紅救火兼任－民視新聞
 Yahoo奇摩新聞, 宏達電執行長梅特爾請辭 董座王雪紅救火兼任
 Anue鉅亨, 新機助陣 宏達電8月營收4.32億元 月增逾5成
 中時新聞網 Chinatimes.com, 韓國瑜晚間PO出當兵私照 網：真不習慣有頭髮
 工商時報, 獨家》2款保單爆客訴保險局限2周內改善
 經濟日報, 失能重疾險損失率嚴重 金管會要求壽險公會二周內檢討
 Yahoo奇摩新聞, 二款保單爆客訴 趕快看看你踩雷了嗎？
 中時新聞網 Chinatimes.com, 獨家》沒重大傷病卡不理賠 2款保單爆「客訴」 保險局回應了
 Anue鉅亨, 面板景氣熱潮向外擴散 佳世達急單湧入 訂單上修至翻倍成長
 中時新聞網, 金雞加持 佳世達8月營收飆
 經濟日報, 面板需求熱擴散 顯示器代工廠Q3出貨估優於Q2
 Anue鉅亨, 併購明泰挹注 佳世達8月營收增逾2成寫新高
 ETtoday 新聞雲, 佳世達8月營收年增25.3％ 改寫歷史新高紀錄
 中央社即時新聞, 大同市場派形成共識 擬推林文淵任董事長
 自由財經, 欣同、新大同推林文淵競逐董座 大同發聲明抗議
 Yahoo奇摩新聞, 大同將二度改選董監事 大同市場派林宏信：暫時支持林文淵
 工商時報, 大同市場派怒批趙安」之內容已誤導視聽欣同、新大同特此澄清
 自由財經, 大同市場派召開臨股說明會 擬推林文淵任新董座
 三立新聞網, 本田CR-V小改款正式發表 入門車型售價94.9萬元起
 自由時報電子報, 不再給 Kuga 有搶國產休旅冠軍的機會？Honda CR-V 小改款售價正式公佈
 Yahoo奇摩汽車, 【新車速報】安全、性能一次點滿！全新小改款2021 HONDA CR-V 94.9萬驚爆上市！ - Yahoo奇摩汽車機車
 台灣蘋果日報, 【CR-V小改款已接單約1500輛】VTi以94.9萬開出VTi-S車價103.9萬S則是113.9萬
 自由財經, CR-V入門車型再降價2萬元 汰舊換新價89.9萬元起
 經濟日報, 科技股暴跌 科技富豪財富一夕蒸發440億美元
 Yahoo奇摩新聞, 亞馬遜暴漲77%貝佐斯前妻成女首富
 自由財經, 美股慘遭血洗！全球10大科技富豪一夜蒸發1.29兆
 台灣蘋果日報, 跌掉7.7個郭董！美科技股崩跌10大富豪身家一夕暴減1.3兆
 世界日報, 擁亞馬遜4%股票貝佐斯前妻躍升世界女首富
 科技新報 TechNews, 考量特殊天線設計，傳僅1 款5G iPhone 支援毫米波
 鉅亨網, iPhone 12 5G晶片成本高 部份供應商恐面臨砍價壓力
 Yahoo奇摩新聞, 今年只有1款iPhone支援5G毫米波？分析師曝關鍵2原因！
 中央社即時新聞, iPhone 5G版傳僅一款支援毫米波頻段 下半年發表4機型
 點子科技, iPhone 12 系列清一色支援5G，卻只有它支援最快的毫米波
 三立新聞網, 他33歲存8千萬！驚人秘訣曝 照著做存錢跟喝水一樣簡單
 Anue鉅亨, 資金行情延燒台幣飆升近2角 助漲Q3季底作帳效應
 自由財經, 股跌匯漲！新台幣勁揚2.01角 中午暫收29.33元
 經濟日報, 股匯脫鉤 新台幣午盤大漲2.01角
 工商時報, 漲跌互見台股低迷新台幣大升近2角
 ETtoday 新聞雲, 新台幣收盤貶值0.5分 收在29.531元
 巴哈姆特電玩資訊站, 【模型】GSC《明日方舟》「黏土人銀灰」喀蘭貿易公司董事長附「真銀斬」特效登場
 巴哈姆特電玩資訊站, 神祕新作《海賊爭霸Online》於Google Play 商店上架下載就送S 級火槍兵！？
 iThome Online, 俄羅斯擬立法要求蘋果、Google降低App分潤率上限到20%
 巴哈姆特電玩資訊站, 《潘朵拉的迴響：Echoes of Pandora》Android 版預約開啟公布封測期間趣味數據
 NOWnews, 《巫師3：狂獵》確定登陸PS5及Xbox Series X
 Cool3c 癮科技, 一圖看懂 任天堂瑪利歐賽車Live Home Circuit：AR實體遙控賽車、售價9980日元
 巴哈姆特電玩資訊站, 35 人大逃殺！《超級瑪利歐35》10 月起限時釋出與全世界玩家角逐最強瑪利歐寶座
 Yahoo奇摩新聞, 任天堂扛霸子35歲生日 星野源與「他」合拍廣告
 ePrice, 迎接《超級瑪利歐》35 周年，任天堂公布新款GAME&amp;WATCH 掌機與多款《超級瑪利歐》作品- 第1頁- 電玩遊戲電玩遊戲討論區- ePrice 行動版
 巴哈姆特電玩資訊站, 《瑪利歐賽車實況：家庭賽車場》10 月開跑！結合實體遙控車與電玩遊戲雙重樂趣
 巴哈姆特電玩資訊站, 國產線上遊戲《風色幻想：覺醒Online》再次於台港澳上線揭開詳細世界觀背景設定
 巴哈姆特電玩資訊站, 昔日顯卡殺手《末日之戰重製版》公開PC 版電腦配備需求
 巴哈姆特電玩資訊站, 《四海兄弟：決定版》釋出新影片帶玩家探索煥然一新的遊戲設定
 NOWnews, 《劍靈：革命》全新16人討伐戰「黎明的破天聖島」登場
 巴哈姆特電玩資訊站, 策略遊戲系列新作《十字軍王者3》今日上市努力讓皇室繁榮興盛
 巴哈姆特電玩資訊站, 《瘋狂小白鼠死》公開中文版第二彈資訊介紹被打倒也沒關係的「倒轉時間」功能
 巴哈姆特電玩資訊站, 《奇幻生活Online》秋季改版「逆襲的黃金咩」登場推出新劇情、功能、活動、招募
 巴哈姆特電玩資訊站, 《第七史詩》釋出Episode 3「響徹雪原的頌歌」更新及「最後的騎士克勞烏」影片
 4Gamers, Fractal Design與小島製作合作推《死亡擱淺》PC機殼
 巴哈姆特電玩資訊站, 《死亡擱淺》樣式訂製版PC 機殼今年秋季上市以「布橋斯」補給品為概念
 遊戲基地 gamebase, JoyCity《KOF》、《Project Neo》＆《Project M》等五款新作公開，《Tera》＆《穿越火線》9月15日預約開始
 巴哈姆特電玩資訊站, JOYCITY 線上新作發表會公開《拳皇》《穿越火線》等IP 改編遊戲及兩款原創作品
 台視新聞 TTV NEWS, 羅伯派汀森確診武漢肺炎新版蝙蝠俠停拍
 巴哈姆特電玩資訊站, 傳影星羅伯·派汀森確診肺炎《蝙蝠俠》劇組開拍三天再度宣布停工
 CTWANT, 《暮光》男星驚傳確診 羅伯派汀森新作「蝙蝠俠」復拍又喊卡
 udn 噓！星聞, 「蝙蝠俠」羅伯帕汀森被傳確診新冠肺炎 片子再度停擺
 Yahoo奇摩, 羅勃派汀森驚傳確診！《新蝙蝠俠》再度停拍| 熱門
 Yahoo奇摩新聞, 激似羅志祥！男星當稱讚 被網友狂問「會不會多人運動」
 ETtoday星光雲, 羅志祥暴瘦10公斤「合照直播主」 最新近況意外曝光！
 台灣蘋果日報, 激似羅志祥歌手出道被問「多人運動」靠這招唬弄
 Yahoo奇摩新聞, 山寨羅志祥拚發片 被問多人運動「講笑話轉移話題」
 中時新聞網 Chinatimes.com, 激似羅志祥出道！林宥穎無懼外界觀感喊話小豬重返演藝圈
 Yahoo奇摩新聞, 李玖哲機場淚別妻 相馬茜竟回這5字
 自由娛樂, 李玖哲簽「離日切結書」拋相馬茜返台後悔哀號「老婆等我」
 udn 噓！星聞, 周董親授育兒撇步！新手奶爸柯有倫公開這一招
 ETtoday星光雲, 李玖哲離日簽切結書「短期內回不去了」 被迫與老婆相馬茜分隔兩地
 三立新聞網, 返台被迫簽切結書！李玖哲機場淚別愛妻 相馬茜竟回這5字
 ETtoday星光雲, 已逝雪莉紀錄片公開⋯親母哽咽：媽媽來晚了 少時蒂芬妮爆哭
 Yahoo奇摩新聞, 雪莉紀錄片公開！母淚崩：媽來晚了對不起 少女時代爆哭
 中時新聞網 Chinatimes.com, 雪莉逝世週年紀錄片 「親母現身淚訴」網怒：別再消遣她
 香港蘋果日報, 【去年自殺】Sulli紀錄片預告曝光媽媽哽咽：抱歉來得太遲
 Yahoo奇摩新聞, 雪莉離世週年…曝紀錄片！母露面淚崩
 TVBS新聞, 驚世夫妻爆復合！洪曉蕾離婚4年熱吻前夫：像極愛情 TVBS新聞網
 Yahoo奇摩新聞, 驚世夫妻「私密照」曝光 洪曉蕾離婚4年甜吻疑復合
 三立新聞網, 驚世夫妻私照流出！洪曉蕾羞被甜吻離婚4年爆回收前夫
 中天新聞CH52, 20200904中天新聞王世均吻洪曉蕾「像極了愛情」 坦言等復合時機
 Yahoo奇摩新聞, 驚世夫妻洪曉蕾疑似復合前夫 王世均：像極了愛情
 udn 噓！星聞, 三浦春馬過世49日... 經紀公司證實未留遺書將成立基金會做公益| 噓！星聞
 自由娛樂, 汪小菲深夜買醉...眼神渙散怨大S不工作「你妹天天營業」
 Yahoo奇摩新聞, 「你妹天天營業」！汪小菲暗酸大S不工作…深夜揪友買醉澆愁
 三立新聞網, KTV喝爛醉！汪小菲發文「語出驚人」 網怒：抱怨大S？
 中時新聞網 Chinatimes.com, 汪小菲突喊話大S「你妹天天營業」又秒刪 深夜和友買醉
 Yahoo奇摩新聞, 汪小菲喝爛醉語出驚人 網：抱怨大S
 三立新聞網, 比基尼掉出「邪惡側乳」險走光 郭書瑤驚爆「腳踏兩條船」
 自由娛樂, 郭書瑤比基尼滑出水滴奶！一轉身...邪惡側乳險走光- 自由娛樂
 Yahoo奇摩新聞, 為何花木蘭從軍沒有被抓包 真相曝光
 ETtoday星光雲, 《花木蘭》爛番茄開盤80％「跟《天能》同分」 網狂推：迪士尼最佳真人電影
 自由娛樂, 公開抵制「花木蘭」！黃之鋒重提劉亦菲「力挺港警」嗆爆
 香港蘋果日報, 【香港冇首映】劉亦菲高調撐警《花木蘭》低調上映
 端傳媒 | Initium Media, 為迎合中國市場，迪士尼真人版《花木蘭》有多拼？｜端傳媒Initium Media
 CTWANT, 歐陽妮妮鬆口「張書豪去過她家」 父歐陽龍認證：滿OK的！
 Yahoo奇摩, 負面新聞毀印象 歐陽妮妮靠手遊融化張書豪
 三立新聞網, 認了帶張書豪回家見爸媽！妮妮曝歐陽龍反應「滿OK的」
 ETtoday, 歐陽妮妮認愛10個月「帶張書豪回家」 爸爸歐陽龍給4字肯定
 台灣蘋果日報, 歐陽妮妮靠手遊擒張書豪招黑體質笑當娜娜米蟲
 自由時報電子報, 中職》樂天桃猿簽下3名新人 成德王牌簽約金180萬
 Yahoo奇摩運動, 桃猿簽下3新秀 僅剩首輪馬傑森未談妥
 ETtoday, 中職／樂天桃猿選秀談好8人 只剩首輪馬傑森
 台灣蘋果日報, 達成加盟共識樂天桃猿簽下3選秀新人
 Yahoo奇摩運動, 中職／樂天再簽3新秀 剩首輪馬傑森
 ETtoday, 中職／兄弟低潮4球員異動 林智勝下二軍、高宇杰回一軍
 自由時報電子報, 中職》今二軍飆速151公里 兄弟新王牌下周重返一軍先發
 Yahoo奇摩運動, 鐵血精神打好基礎 林威助培育黃衫軍新血有成
 ETtoday, 中職／馬鋼領裝備獲大師兄叮嚀 下周報到不怕兄弟二軍守則
 自由時報電子報, 新兄弟馬鋼 球場串門子「認親」
 Yahoo奇摩運動, 中職／變化球控制是痛點 米蘭達進化最後拼圖
 中華職棒CPBL, 09/03 統一vs 中信全場精華
 自由時報電子報, 中職》兄弟最貴洋投超優質先發還大秀美技 大聯盟記者也關注！
 ETtoday, 中職／奪MVP不想請隊友喝咖啡？ 米蘭達很樂意：我都買星巴克
 Yahoo奇摩運動, 19年9月4日 兄弟史上最大逆轉勝
 自由時報電子報, 籃球》回台打球恐難實現？ 林書豪：生涯是獨一無二的奇蹟
 Yahoo奇摩運動, 老梅西似承認 兒子可能續留巴薩一季
 台灣蘋果日報, 去留出現變數西班牙媒體爆料：梅西考慮續留巴薩1年
 自由時報電子報, 足球》驚天反轉？ 阿根廷記者曝：梅西下季90％續留巴薩
 Yahoo奇摩新聞, 梅西鐵了心要離隊 皇馬魔笛：西甲的巨大損失
 ETtoday, 梅西、C羅聯手世紀組合 傳尤文圖斯有意爭取梅西
 運動視界 Sports Vision, 《Bubble Challenge》NBA季後賽西區第二輪 火箭vs湖人 對戰分析
 民視新聞網 Formosa TV News network, 大鬍子哈登敲關鍵火鍋火箭第7戰險勝雷霆晉級－民視新聞
 Yahoo奇摩新聞, NBA／不怕罰款！保羅賽後怒飆裁判
 運動視界 Sports Vision, 戰爭結束時---Chris Paul、Luguentz Dort、James Harden、Russell Westbrook與兩隊未完之路
 UDN 聯合新聞網, 失落的衛斯特布魯克 能在G7找回救贖嗎？
 Yahoo奇摩新聞, 中職／統一王座保衛戰！泰迪對王溢正
 NBA 台灣 | 聯合新聞網, 莫蘭特獲選年度最佳新秀 威廉森得票排第3
 Yahoo奇摩新聞, 輕鬆擠下狀元郎！ 灰熊莫蘭特獲選新人王「隊史第二次」
 台灣蘋果日報, 【NBA季後賽2】榜眼控衛擊敗狀元威廉森灰熊莫蘭特奪年度新人
 NOWnews 今日新聞, NBA／年度新人王出爐！灰熊莫蘭擊敗zion稱王
 Yahoo奇摩運動, 毫無意外的新人王 「曼菲斯航空」莫蘭特天花板在哪？
 DONGTW動網, 賽爾提克推特太快慶祝下一秒絕殺慘遭打臉
 Yahoo奇摩新聞, NBA／0.5秒三分絕殺！暴龍險勝
 NBA 台灣 | 聯合新聞網, 阿努諾比絕殺三分球 暴龍峰迴路轉扳回一勝
 台灣蘋果日報, 【NBA季後賽3】亞紐諾比絕殺3分球暴龍逆轉塞爾提克扳回一城
 Yahoo奇摩新聞, NBA／0.5秒絕殺！Anunoby：一出手我就知道會進
 中時新聞網 Chinatimes.com, NBA》字母哥被酸只是皮朋 詹皇躺槍爆氣回嗆
 Yahoo奇摩新聞, NBA》公鹿2連敗 格林建議字母哥撤出禁區
 pbplus 運動平台, 豪洨肯尼Kenny boast S4：第130集熱火正旺火燒公鹿東區第二輪熱火2:0公鹿
 運動視界 Sports Vision, 意料之外的戰果，淺談熱火為什麼2-0領先公鹿
Yahoo奇摩運動, NBA／字母哥被稱為天下第二人 皮朋不爽反擊
自由財經, 特斯拉董事出脫股票大賺近1.5億 隨後股價3連跌
 自由財經, 中國科大訊飛被美制裁 政府補貼竟比公司淨利高出近一半
 三立新聞網, Taycan電動車賣太好 保時捷向奧迪借員工幫忙
 Yahoo奇摩汽車, 賣到來不及做！保時捷借調數百名奧迪員工，增援生產 Taycan 電動跑車
 UNWIRE.HK, Porsche 電動車 Taycan 熱賣 向同系 Audi 借用 400 工人趕工
 Anue鉅亨, 星展：美股大跌是健康的修正 建議維持科技股投資
 自由財經, 美股大跌投資人恐變心 專家：可能再跌10％
 台灣蘋果日報, 【全球股市不斷更新】道瓊期指由黑翻紅歐股早盤上揚
 Anue鉅亨, 〈美股盤後〉VIX衝高！科技股引爆股災 道瓊暴跌逾 800 點
 Yahoo奇摩, 台股一度大跌近200點 力守12600點關卡
 鏡週刊, 【零股投資術2】買零股經常槓龜？ 這樣出價就對了
 Yahoo奇摩股市, 【零股投資術5】圖解：盤中零股交易上路 3分鐘搞懂新制
 EBC東森財經新聞, 買零股經常槓龜？ 這樣出價就對了
 鏡週刊, 【零股投資術1】小資族福音！不用再等2點半撮合 盤中零股交易將上路
 ETtoday 新聞雲, 小資族買「零股」！他月投資1萬買進3檔...3招讓錢滾大
 Yahoo奇摩新聞, 紅色供應鏈崛起 童子賢：產業趨勢大過顏色選擇
 中華電視公司, 紅色供應鏈崛起?童子賢:關鍵產業趨勢| 華視新聞20200904
 自由財經, 童子賢：台企實力勝任何FTA 供應鏈不分顏色
 鉅亨網, 紅色供應鏈崛起 童子賢：產業趨勢大於顏色
 Yahoo奇摩理財, 科技是國際合作！ 童子賢：供應鏈不分紅色、綠色| 股市
 Anue鉅亨, 信邦8月營收連5個月創新高 前8月營收同寫新猷
 經濟日報, 新普增8% 同期最佳
 工商時報, 去美化助攻宏捷科8月營收靚
 Anue鉅亨, 聚陽8月營收跳增至31億元 寫11個月來最佳
 經濟日報, 信邦連五月締新猷
 Anue鉅亨, 〈貴金屬盤後〉美股崩跌 市場趕忙變現 黃金挫至一週低點
 Anue鉅亨, 〈能源盤後〉數據多空交錯 需求前景令人憂心 Brent挫至7月底以來低點
 經濟日報, 台股收跌120.02點 三大法人賣超237.54億元
 工商時報, 外資瘋狂掃貨11萬張買的竟然不是台積電
 Anue鉅亨, 美股跳水台積電ADR挫逾4% 台指期夜盤一度暴跌250點
 經濟日報, 三大法人賣超台股237.54億元
 中央社即時新聞, 台股站上12800點大關 蘋概三王走揚
 三立新聞網, 科技股遭拋售！美股收盤重挫 道瓊狂洩逾807點
 Yahoo奇摩股市, 《半導體》敦泰減資約29.9% 新股10月26日上市
 中時新聞網, 9月大瘦身 14檔減資股登場
 工商時報, 9月大瘦身14檔減資股登場
 Yahoo奇摩股市, 《研究報告》新興市場債明顯彈升 後市可期
 經濟日報, 目標到期基金 變動市場優質選項
 工商時報, 新興市場債明顯彈升後市可期
 鉅亨網財經新聞, 豪展8月營收3.16億元 年增逾2倍 連3個月寫新高
 經濟日報, 新興債中長線買點到
 Yahoo奇摩股市, 《研究報告》生醫短期有雜音 中長多不變
 科技新報 TechNews, 聯發科5G 旗艦晶片傳捷報，LG 智慧手機採用銷美國
 自由財經, 殺進美國5G手機市場！聯發科天璣1000C晶片亮相
 Anue鉅亨, 〈聯發科新晶片亮相〉5G旗艦晶片天璣1000C獲LG採用 將攻美國市場
 ePrice, 對應不同5G 連網頻段，聯發科針對美國市場打造天璣1000C 處理器
 台灣蘋果日報, 傳遭中國挖角聯發科高管換人
 Anue鉅亨, 分析師：油價預計走高 唯一的理由就是美元還會疲軟
 Engadget 中文版, 快閃優惠最後一天，嚴選五款大熱真・無線耳機
 Yahoo奇摩新聞, 驚呆！為什麼不應該戴萬魔抗噪耳機？
 T客邦, Sennheiser亮相中價位CX 400BT真無線耳機，搭載藍牙5.1、續航7小時
 ePrice, OPPO 印度發表F17 系列中階手機與Enco W51 真無線藍牙耳機
 Engadget 中文版, JBL Club Pro+ 是一款售價 US$200 的主動降噪真無線耳機
 瘋先生, iOS 14 beta 7 新功能瀏覽，快速瞭解改進了哪些
 Anue鉅亨, 臉書槓上後 蘋果推遲 iOS 14 限制追蹤用戶功能
 ETtoday 新聞雲, AirTags 將與第一波 iPhone 12 共同亮相！ 可望於10月發布
 點子科技, 蘋果新廣告開嗆：智慧型手機超不安全，除了iPhone
 Engadget 中文版, iOS 14 的反廣告追蹤功能要推遲到 2021 年了
 Anue鉅亨, 恐慌情緒蔓延 富邦VIX爆量逾50萬張 挑戰前波大量
 ePrice, Qualcomm 更新第二版Snapdragon 8cx 處理器，宏碁、HP 將率先應用
 自由時報電子報, 5G 手機定價要跌破5 千了？高通將推「超入門」5G 處理器- 自由電子報3C科技
 Engadget 中文版, 高通的 Snapdragon 8cx Gen 2 PC 處理器將帶來更強力的 AI 運算力
 科技新報 TechNews, 高通5G 推驍龍4 系列晶片，小米搶先採用
 ePrice, 向入門款延伸，高通表示明年4 系列處理器也會支援5G
 Yahoo奇摩新聞, 洋將閃辭 王雪紅再度重掌宏達電
 自由財經, 宏達電營收波動大 8月營收月增52.27％
 民視新聞網 Formosa TV News network, 宏達電執行長梅特爾請辭董座王雪紅救火兼任－民視新聞
 Yahoo奇摩新聞, 宏達電執行長梅特爾請辭 董座王雪紅救火兼任
 Anue鉅亨, 新機助陣 宏達電8月營收4.32億元 月增逾5成
 中時新聞網 Chinatimes.com, 韓國瑜晚間PO出當兵私照 網：真不習慣有頭髮
 工商時報, 獨家》2款保單爆客訴保險局限2周內改善
 經濟日報, 失能重疾險損失率嚴重 金管會要求壽險公會二周內檢討
 Yahoo奇摩新聞, 二款保單爆客訴 趕快看看你踩雷了嗎？
 中時新聞網 Chinatimes.com, 獨家》沒重大傷病卡不理賠 2款保單爆「客訴」 保險局回應了
 Anue鉅亨, 面板景氣熱潮向外擴散 佳世達急單湧入 訂單上修至翻倍成長
 中時新聞網, 金雞加持 佳世達8月營收飆
 經濟日報, 面板需求熱擴散 顯示器代工廠Q3出貨估優於Q2
 Anue鉅亨, 併購明泰挹注 佳世達8月營收增逾2成寫新高
 ETtoday 新聞雲, 佳世達8月營收年增25.3％ 改寫歷史新高紀錄
 中央社即時新聞, 大同市場派形成共識 擬推林文淵任董事長
 自由財經, 欣同、新大同推林文淵競逐董座 大同發聲明抗議
 Yahoo奇摩新聞, 大同將二度改選董監事 大同市場派林宏信：暫時支持林文淵
 工商時報, 大同市場派怒批趙安」之內容已誤導視聽欣同、新大同特此澄清
 自由財經, 大同市場派召開臨股說明會 擬推林文淵任新董座
 三立新聞網, 本田CR-V小改款正式發表 入門車型售價94.9萬元起
 自由時報電子報, 不再給 Kuga 有搶國產休旅冠軍的機會？Honda CR-V 小改款售價正式公佈
 Yahoo奇摩汽車, 【新車速報】安全、性能一次點滿！全新小改款2021 HONDA CR-V 94.9萬驚爆上市！ - Yahoo奇摩汽車機車
 台灣蘋果日報, 【CR-V小改款已接單約1500輛】VTi以94.9萬開出VTi-S車價103.9萬S則是113.9萬
 自由財經, CR-V入門車型再降價2萬元 汰舊換新價89.9萬元起
 經濟日報, 科技股暴跌 科技富豪財富一夕蒸發440億美元
 Yahoo奇摩新聞, 亞馬遜暴漲77%貝佐斯前妻成女首富
 自由財經, 美股慘遭血洗！全球10大科技富豪一夜蒸發1.29兆
 台灣蘋果日報, 跌掉7.7個郭董！美科技股崩跌10大富豪身家一夕暴減1.3兆
 世界日報, 擁亞馬遜4%股票貝佐斯前妻躍升世界女首富
 科技新報 TechNews, 考量特殊天線設計，傳僅1 款5G iPhone 支援毫米波
 鉅亨網, iPhone 12 5G晶片成本高 部份供應商恐面臨砍價壓力
 Yahoo奇摩新聞, 今年只有1款iPhone支援5G毫米波？分析師曝關鍵2原因！
 中央社即時新聞, iPhone 5G版傳僅一款支援毫米波頻段 下半年發表4機型
 點子科技, iPhone 12 系列清一色支援5G，卻只有它支援最快的毫米波
 三立新聞網, 他33歲存8千萬！驚人秘訣曝 照著做存錢跟喝水一樣簡單
 Anue鉅亨, 資金行情延燒台幣飆升近2角 助漲Q3季底作帳效應
 自由財經, 股跌匯漲！新台幣勁揚2.01角 中午暫收29.33元
 經濟日報, 股匯脫鉤 新台幣午盤大漲2.01角
 工商時報, 漲跌互見台股低迷新台幣大升近2角
 ETtoday 新聞雲, 新台幣收盤貶值0.5分 收在29.531元
 巴哈姆特電玩資訊站, 【模型】GSC《明日方舟》「黏土人銀灰」喀蘭貿易公司董事長附「真銀斬」特效登場
 巴哈姆特電玩資訊站, 神祕新作《海賊爭霸Online》於Google Play 商店上架下載就送S 級火槍兵！？
 iThome Online, 俄羅斯擬立法要求蘋果、Google降低App分潤率上限到20%
 巴哈姆特電玩資訊站, 《潘朵拉的迴響：Echoes of Pandora》Android 版預約開啟公布封測期間趣味數據
 NOWnews, 《巫師3：狂獵》確定登陸PS5及Xbox Series X
 Cool3c 癮科技, 一圖看懂 任天堂瑪利歐賽車Live Home Circuit：AR實體遙控賽車、售價9980日元
 巴哈姆特電玩資訊站, 35 人大逃殺！《超級瑪利歐35》10 月起限時釋出與全世界玩家角逐最強瑪利歐寶座
 Yahoo奇摩新聞, 任天堂扛霸子35歲生日 星野源與「他」合拍廣告
 ePrice, 迎接《超級瑪利歐》35 周年，任天堂公布新款GAME&amp;WATCH 掌機與多款《超級瑪利歐》作品- 第1頁- 電玩遊戲電玩遊戲討論區- ePrice 行動版
 巴哈姆特電玩資訊站, 《瑪利歐賽車實況：家庭賽車場》10 月開跑！結合實體遙控車與電玩遊戲雙重樂趣
 巴哈姆特電玩資訊站, 國產線上遊戲《風色幻想：覺醒Online》再次於台港澳上線揭開詳細世界觀背景設定
 巴哈姆特電玩資訊站, 昔日顯卡殺手《末日之戰重製版》公開PC 版電腦配備需求
 巴哈姆特電玩資訊站, 《四海兄弟：決定版》釋出新影片帶玩家探索煥然一新的遊戲設定
 NOWnews, 《劍靈：革命》全新16人討伐戰「黎明的破天聖島」登場
 巴哈姆特電玩資訊站, 策略遊戲系列新作《十字軍王者3》今日上市努力讓皇室繁榮興盛
 巴哈姆特電玩資訊站, 《瘋狂小白鼠死》公開中文版第二彈資訊介紹被打倒也沒關係的「倒轉時間」功能
 巴哈姆特電玩資訊站, 《奇幻生活Online》秋季改版「逆襲的黃金咩」登場推出新劇情、功能、活動、招募
 巴哈姆特電玩資訊站, 《第七史詩》釋出Episode 3「響徹雪原的頌歌」更新及「最後的騎士克勞烏」影片
 4Gamers, Fractal Design與小島製作合作推《死亡擱淺》PC機殼
 巴哈姆特電玩資訊站, 《死亡擱淺》樣式訂製版PC 機殼今年秋季上市以「布橋斯」補給品為概念
 遊戲基地 gamebase, JoyCity《KOF》、《Project Neo》＆《Project M》等五款新作公開，《Tera》＆《穿越火線》9月15日預約開始
 巴哈姆特電玩資訊站, JOYCITY 線上新作發表會公開《拳皇》《穿越火線》等IP 改編遊戲及兩款原創作品
 台視新聞 TTV NEWS, 羅伯派汀森確診武漢肺炎新版蝙蝠俠停拍
 巴哈姆特電玩資訊站, 傳影星羅伯·派汀森確診肺炎《蝙蝠俠》劇組開拍三天再度宣布停工
 CTWANT, 《暮光》男星驚傳確診 羅伯派汀森新作「蝙蝠俠」復拍又喊卡
 udn 噓！星聞, 「蝙蝠俠」羅伯帕汀森被傳確診新冠肺炎 片子再度停擺
 Yahoo奇摩, 羅勃派汀森驚傳確診！《新蝙蝠俠》再度停拍| 熱門
 Yahoo奇摩新聞, 激似羅志祥！男星當稱讚 被網友狂問「會不會多人運動」
 ETtoday星光雲, 羅志祥暴瘦10公斤「合照直播主」 最新近況意外曝光！
 台灣蘋果日報, 激似羅志祥歌手出道被問「多人運動」靠這招唬弄
 Yahoo奇摩新聞, 山寨羅志祥拚發片 被問多人運動「講笑話轉移話題」
 中時新聞網 Chinatimes.com, 激似羅志祥出道！林宥穎無懼外界觀感喊話小豬重返演藝圈
 Yahoo奇摩新聞, 李玖哲機場淚別妻 相馬茜竟回這5字
 自由娛樂, 李玖哲簽「離日切結書」拋相馬茜返台後悔哀號「老婆等我」
 udn 噓！星聞, 周董親授育兒撇步！新手奶爸柯有倫公開這一招
 ETtoday星光雲, 李玖哲離日簽切結書「短期內回不去了」 被迫與老婆相馬茜分隔兩地
 三立新聞網, 返台被迫簽切結書！李玖哲機場淚別愛妻 相馬茜竟回這5字
 ETtoday星光雲, 已逝雪莉紀錄片公開⋯親母哽咽：媽媽來晚了 少時蒂芬妮爆哭
 Yahoo奇摩新聞, 雪莉紀錄片公開！母淚崩：媽來晚了對不起 少女時代爆哭
 中時新聞網 Chinatimes.com, 雪莉逝世週年紀錄片 「親母現身淚訴」網怒：別再消遣她
 香港蘋果日報, 【去年自殺】Sulli紀錄片預告曝光媽媽哽咽：抱歉來得太遲
 Yahoo奇摩新聞, 雪莉離世週年…曝紀錄片！母露面淚崩
 TVBS新聞, 驚世夫妻爆復合！洪曉蕾離婚4年熱吻前夫：像極愛情 TVBS新聞網
 Yahoo奇摩新聞, 驚世夫妻「私密照」曝光 洪曉蕾離婚4年甜吻疑復合
 三立新聞網, 驚世夫妻私照流出！洪曉蕾羞被甜吻離婚4年爆回收前夫
 中天新聞CH52, 20200904中天新聞王世均吻洪曉蕾「像極了愛情」 坦言等復合時機
 Yahoo奇摩新聞, 驚世夫妻洪曉蕾疑似復合前夫 王世均：像極了愛情
 udn 噓！星聞, 三浦春馬過世49日... 經紀公司證實未留遺書將成立基金會做公益| 噓！星聞
 自由娛樂, 汪小菲深夜買醉...眼神渙散怨大S不工作「你妹天天營業」
 Yahoo奇摩新聞, 「你妹天天營業」！汪小菲暗酸大S不工作…深夜揪友買醉澆愁
 三立新聞網, KTV喝爛醉！汪小菲發文「語出驚人」 網怒：抱怨大S？
 中時新聞網 Chinatimes.com, 汪小菲突喊話大S「你妹天天營業」又秒刪 深夜和友買醉
 Yahoo奇摩新聞, 汪小菲喝爛醉語出驚人 網：抱怨大S
 三立新聞網, 比基尼掉出「邪惡側乳」險走光 郭書瑤驚爆「腳踏兩條船」
 自由娛樂, 郭書瑤比基尼滑出水滴奶！一轉身...邪惡側乳險走光- 自由娛樂
 Yahoo奇摩新聞, 為何花木蘭從軍沒有被抓包 真相曝光
 ETtoday星光雲, 《花木蘭》爛番茄開盤80％「跟《天能》同分」 網狂推：迪士尼最佳真人電影
 自由娛樂, 公開抵制「花木蘭」！黃之鋒重提劉亦菲「力挺港警」嗆爆
 香港蘋果日報, 【香港冇首映】劉亦菲高調撐警《花木蘭》低調上映
 端傳媒 | Initium Media, 為迎合中國市場，迪士尼真人版《花木蘭》有多拼？｜端傳媒Initium Media
 CTWANT, 歐陽妮妮鬆口「張書豪去過她家」 父歐陽龍認證：滿OK的！
 Yahoo奇摩, 負面新聞毀印象 歐陽妮妮靠手遊融化張書豪
 三立新聞網, 認了帶張書豪回家見爸媽！妮妮曝歐陽龍反應「滿OK的」
 ETtoday, 歐陽妮妮認愛10個月「帶張書豪回家」 爸爸歐陽龍給4字肯定
 台灣蘋果日報, 歐陽妮妮靠手遊擒張書豪招黑體質笑當娜娜米蟲
 自由時報電子報, 中職》樂天桃猿簽下3名新人 成德王牌簽約金180萬
 Yahoo奇摩運動, 桃猿簽下3新秀 僅剩首輪馬傑森未談妥
 ETtoday, 中職／樂天桃猿選秀談好8人 只剩首輪馬傑森
 台灣蘋果日報, 達成加盟共識樂天桃猿簽下3選秀新人
 Yahoo奇摩運動, 中職／樂天再簽3新秀 剩首輪馬傑森
 ETtoday, 中職／兄弟低潮4球員異動 林智勝下二軍、高宇杰回一軍
 自由時報電子報, 中職》今二軍飆速151公里 兄弟新王牌下周重返一軍先發
 Yahoo奇摩運動, 鐵血精神打好基礎 林威助培育黃衫軍新血有成
 ETtoday, 中職／馬鋼領裝備獲大師兄叮嚀 下周報到不怕兄弟二軍守則
 自由時報電子報, 新兄弟馬鋼 球場串門子「認親」
 Yahoo奇摩運動, 中職／變化球控制是痛點 米蘭達進化最後拼圖
 中華職棒CPBL, 09/03 統一vs 中信全場精華
 自由時報電子報, 中職》兄弟最貴洋投超優質先發還大秀美技 大聯盟記者也關注！
 ETtoday, 中職／奪MVP不想請隊友喝咖啡？ 米蘭達很樂意：我都買星巴克
 Yahoo奇摩運動, 19年9月4日 兄弟史上最大逆轉勝
 自由時報電子報, 籃球》回台打球恐難實現？ 林書豪：生涯是獨一無二的奇蹟
 Yahoo奇摩運動, 老梅西似承認 兒子可能續留巴薩一季
 台灣蘋果日報, 去留出現變數西班牙媒體爆料：梅西考慮續留巴薩1年
 自由時報電子報, 足球》驚天反轉？ 阿根廷記者曝：梅西下季90％續留巴薩
 Yahoo奇摩新聞, 梅西鐵了心要離隊 皇馬魔笛：西甲的巨大損失
 ETtoday, 梅西、C羅聯手世紀組合 傳尤文圖斯有意爭取梅西
 運動視界 Sports Vision, 《Bubble Challenge》NBA季後賽西區第二輪 火箭vs湖人 對戰分析
 民視新聞網 Formosa TV News network, 大鬍子哈登敲關鍵火鍋火箭第7戰險勝雷霆晉級－民視新聞
 Yahoo奇摩新聞, NBA／不怕罰款！保羅賽後怒飆裁判
 運動視界 Sports Vision, 戰爭結束時---Chris Paul、Luguentz Dort、James Harden、Russell Westbrook與兩隊未完之路
 UDN 聯合新聞網, 失落的衛斯特布魯克 能在G7找回救贖嗎？
 Yahoo奇摩新聞, 中職／統一王座保衛戰！泰迪對王溢正
 NBA 台灣 | 聯合新聞網, 莫蘭特獲選年度最佳新秀 威廉森得票排第3
 Yahoo奇摩新聞, 輕鬆擠下狀元郎！ 灰熊莫蘭特獲選新人王「隊史第二次」
 台灣蘋果日報, 【NBA季後賽2】榜眼控衛擊敗狀元威廉森灰熊莫蘭特奪年度新人
 NOWnews 今日新聞, NBA／年度新人王出爐！灰熊莫蘭擊敗zion稱王
 Yahoo奇摩運動, 毫無意外的新人王 「曼菲斯航空」莫蘭特天花板在哪？
 DONGTW動網, 賽爾提克推特太快慶祝下一秒絕殺慘遭打臉
 Yahoo奇摩新聞, NBA／0.5秒三分絕殺！暴龍險勝
 NBA 台灣 | 聯合新聞網, 阿努諾比絕殺三分球 暴龍峰迴路轉扳回一勝
 台灣蘋果日報, 【NBA季後賽3】亞紐諾比絕殺3分球暴龍逆轉塞爾提克扳回一城
 Yahoo奇摩新聞, NBA／0.5秒絕殺！Anunoby：一出手我就知道會進
 中時新聞網 Chinatimes.com, NBA》字母哥被酸只是皮朋 詹皇躺槍爆氣回嗆
 Yahoo奇摩新聞, NBA》公鹿2連敗 格林建議字母哥撤出禁區
 pbplus 運動平台, 豪洨肯尼Kenny boast S4：第130集熱火正旺火燒公鹿東區第二輪熱火2:0公鹿
 運動視界 Sports Vision, 意料之外的戰果，淺談熱火為什麼2-0領先公鹿
 Yahoo奇摩運動, NBA／字母哥被稱為天下第二人 皮朋不爽反擊
 Heho健康, 5類「好」脂食物，降膽固醇還能控血糖
 臺灣新浪網, 你的維生素D夠了嗎？ 醫生沒告訴你的各種細節，本篇都有了-科技新聞
 生醫觀點, 卡介苗廠牌轉換醫：效果一樣免緊張
 自由時報電子報, 青少年別憂鬱！研究：中年以後心臟病機率增加
 香港01, HPV病毒竟是造成子宮頸癌最大元兇？定期檢查可減發病率
 香港01, 細So偷食 阿B真身係KOL練美施Macy搜尋量急升網民關注性病HPV
 食力foodNEXT, 「美豬」其實早進口現在到底吵什麼？
 風傳媒, 為何血糖低、頭暈時，吃巧克力和麵包沒有用？醫師的救急建議，人人都該記下來！
 風傳媒, 喝酒都不會臉紅的人，代表肝功能很好？醫生打臉：灌了好幾杯還「面不改色」才要小心！
 風傳媒, 「好像味精加太多，吃了口好渴…」別再錯怪味精了，其實讓人口乾舌燥的是「它」
風傳媒, 立院三讀通過 愛滋病患將可器捐其他帶原者
